timestamp,value
2021-06-22T16:05:00Z,48
2021-06-22T16:06:00Z,42
2021-06-22T16:07:00Z,25
2021-06-22T16:08:00Z,68
2021-06-22T16:09:00Z,53
2021-06-22T16:10:00Z,37
2021-06-22T16:11:00Z,36
2021-06-22T16:12:00Z,31
2021-06-22T16:13:00Z,50
2021-06-22T16:14:00Z,41
2021-06-22T16:15:00Z,66
2021-06-22T16:16:00Z,50
2021-06-22T16:17:00Z,41
2021-06-22T16:18:00Z,47
2021-06-22T16:19:00Z,67
2021-06-22T16:20:00Z,25
2021-06-22T16:21:00Z,44
2021-06-22T16:22:00Z,50
2021-06-22T16:23:00Z,61
2021-06-22T16:24:00Z,58
2021-06-22T16:25:00Z,47
2021-06-22T16:26:00Z,26
2021-06-22T16:27:00Z,68
2021-06-22T16:28:00Z,33
2021-06-22T16:29:00Z,30
2021-06-22T16:30:00Z,58
2021-06-22T16:31:00Z,54
2021-06-22T16:32:00Z,51
2021-06-22T16:33:00Z,67
2021-06-22T16:34:00Z,42
2021-06-22T16:35:00Z,50
2021-06-22T16:36:00Z,34
2021-06-22T16:37:00Z,63
2021-06-22T16:38:00Z,56
2021-06-22T16:39:00Z,55
2021-06-22T16:40:00Z,40
2021-06-22T16:41:00Z,68
2021-06-22T16:42:00Z,40
2021-06-22T16:43:00Z,42
2021-06-22T16:44:00Z,52
2021-06-22T16:45:00Z,30
2021-06-22T16:46:00Z,43
2021-06-22T16:47:00Z,68
2021-06-22T16:48:00Z,51
2021-06-22T16:49:00Z,45
2021-06-22T16:50:00Z,42
2021-06-22T16:51:00Z,31
2021-06-22T16:52:00Z,67
2021-06-22T16:53:00Z,34
2021-06-22T16:54:00Z,40
2021-06-22T16:55:00Z,58
2021-06-22T16:56:00Z,48
2021-06-22T16:57:00Z,28
2021-06-22T16:58:00Z,57
2021-06-22T16:59:00Z,59
2021-06-22T17:00:00Z,27
2021-06-22T17:01:00Z,55
2021-06-22T17:02:00Z,62
2021-06-22T17:03:00Z,68
2021-06-22T17:04:00Z,67
2021-06-22T17:05:00Z,44
2021-06-22T17:06:00Z,26
2021-06-22T17:07:00Z,27
2021-06-22T17:08:00Z,39
2021-06-22T17:09:00Z,67
2021-06-22T17:10:00Z,65
2021-06-22T17:11:00Z,56
2021-06-22T17:12:00Z,63
2021-06-22T17:13:00Z,28
2021-06-22T17:14:00Z,35
2021-06-22T17:15:00Z,67
2021-06-22T17:16:00Z,58
2021-06-22T17:17:00Z,27
2021-06-22T17:18:00Z,64
2021-06-22T17:19:00Z,59
2021-06-22T17:20:00Z,44
2021-06-22T17:21:00Z,46
2021-06-22T17:22:00Z,69
2021-06-22T17:23:00Z,48
2021-06-22T17:24:00Z,55
2021-06-22T17:25:00Z,44
2021-06-22T17:26:00Z,66
2021-06-22T17:27:00Z,63
2021-06-22T17:28:00Z,42
2021-06-22T17:29:00Z,29
2021-06-22T17:30:00Z,30
2021-06-22T17:31:00Z,63
2021-06-22T17:32:00Z,60
2021-06-22T17:33:00Z,61
2021-06-22T17:34:00Z,48
2021-06-22T17:35:00Z,69
2021-06-22T17:36:00Z,35
2021-06-22T17:37:00Z,42
2021-06-22T17:38:00Z,53
2021-06-22T17:39:00Z,29
2021-06-22T17:40:00Z,38
2021-06-22T17:41:00Z,27
2021-06-22T17:42:00Z,30
2021-06-22T17:43:00Z,34
2021-06-22T17:44:00Z,56
2021-06-22T17:45:00Z,42
2021-06-22T17:46:00Z,33
2021-06-22T17:47:00Z,56
2021-06-22T17:48:00Z,62
2021-06-22T17:49:00Z,51
2021-06-22T17:50:00Z,65
2021-06-22T17:51:00Z,54
2021-06-22T17:52:00Z,31
2021-06-22T17:53:00Z,32
2021-06-22T17:54:00Z,56
2021-06-22T17:55:00Z,37
2021-06-22T17:56:00Z,66
2021-06-22T17:57:00Z,39
2021-06-22T17:58:00Z,58
2021-06-22T17:59:00Z,48
2021-06-22T18:00:00Z,39
2021-06-22T18:01:00Z,47
2021-06-22T18:02:00Z,68
2021-06-22T18:03:00Z,54
2021-06-22T18:04:00Z,27
2021-06-22T18:05:00Z,47
2021-06-22T18:06:00Z,36
2021-06-22T18:07:00Z,27
2021-06-22T18:08:00Z,45
2021-06-22T18:09:00Z,25
2021-06-22T18:10:00Z,68
2021-06-22T18:11:00Z,41
2021-06-22T18:12:00Z,27
2021-06-22T18:13:00Z,32
2021-06-22T18:14:00Z,58
2021-06-22T18:15:00Z,68
2021-06-22T18:16:00Z,36
2021-06-22T18:17:00Z,65
2021-06-22T18:18:00Z,46
2021-06-22T18:19:00Z,31
2021-06-22T18:20:00Z,28
2021-06-22T18:21:00Z,58
2021-06-22T18:22:00Z,53
2021-06-22T18:23:00Z,54
2021-06-22T18:24:00Z,30
2021-06-22T18:25:00Z,63
2021-06-22T18:26:00Z,54
2021-06-22T18:27:00Z,60
2021-06-22T18:28:00Z,51
2021-06-22T18:29:00Z,63
2021-06-22T18:30:00Z,28
2021-06-22T18:31:00Z,36
2021-06-22T18:32:00Z,65
2021-06-22T18:33:00Z,65
2021-06-22T18:34:00Z,65
2021-06-22T18:35:00Z,59
2021-06-22T18:36:00Z,69
2021-06-22T18:37:00Z,69
2021-06-22T18:38:00Z,50
2021-06-22T18:39:00Z,59
2021-06-22T18:40:00Z,44
2021-06-22T18:41:00Z,43
2021-06-22T18:42:00Z,31
2021-06-22T18:43:00Z,46
2021-06-22T18:44:00Z,37
2021-06-22T18:45:00Z,52
2021-06-22T18:46:00Z,34
2021-06-22T18:47:00Z,67
2021-06-22T18:48:00Z,53
2021-06-22T18:49:00Z,48
2021-06-22T18:50:00Z,29
2021-06-22T18:51:00Z,51
2021-06-22T18:52:00Z,47
2021-06-22T18:53:00Z,41
2021-06-22T18:54:00Z,35
2021-06-22T18:55:00Z,28
2021-06-22T18:56:00Z,32
2021-06-22T18:57:00Z,43
2021-06-22T18:58:00Z,40
2021-06-22T18:59:00Z,30
2021-06-22T19:00:00Z,35
2021-06-22T19:01:00Z,68
2021-06-22T19:02:00Z,37
2021-06-22T19:03:00Z,44
2021-06-22T19:04:00Z,37
2021-06-22T19:05:00Z,52
2021-06-22T19:06:00Z,36
2021-06-22T19:07:00Z,34
2021-06-22T19:08:00Z,29
2021-06-22T19:09:00Z,51
2021-06-22T19:10:00Z,27
2021-06-22T19:11:00Z,50
2021-06-22T19:12:00Z,33
2021-06-22T19:13:00Z,27
2021-06-22T19:14:00Z,49
2021-06-22T19:15:00Z,31
2021-06-22T19:16:00Z,38
2021-06-22T19:17:00Z,67
2021-06-22T19:18:00Z,37
2021-06-22T19:19:00Z,46
2021-06-22T19:20:00Z,58
2021-06-22T19:21:00Z,26
2021-06-22T19:22:00Z,44
2021-06-22T19:23:00Z,66
2021-06-22T19:24:00Z,29
2021-06-22T19:25:00Z,40
2021-06-22T19:26:00Z,40
2021-06-22T19:27:00Z,59
2021-06-22T19:28:00Z,28
2021-06-22T19:29:00Z,59
2021-06-22T19:30:00Z,64
2021-06-22T19:31:00Z,38
2021-06-22T19:32:00Z,33
2021-06-22T19:33:00Z,56
2021-06-22T19:34:00Z,25
2021-06-22T19:35:00Z,45
2021-06-22T19:36:00Z,43
2021-06-22T19:37:00Z,33
2021-06-22T19:38:00Z,40
2021-06-22T19:39:00Z,31
2021-06-22T19:40:00Z,67
2021-06-22T19:41:00Z,44
2021-06-22T19:42:00Z,37
2021-06-22T19:43:00Z,40
2021-06-22T19:44:00Z,67
2021-06-22T19:45:00Z,27
2021-06-22T19:46:00Z,38
2021-06-22T19:47:00Z,29
2021-06-22T19:48:00Z,31
2021-06-22T19:49:00Z,36
2021-06-22T19:50:00Z,35
2021-06-22T19:51:00Z,38
2021-06-22T19:52:00Z,54
2021-06-22T19:53:00Z,31
2021-06-22T19:54:00Z,54
2021-06-22T19:55:00Z,26
2021-06-22T19:56:00Z,65
2021-06-22T19:57:00Z,26
2021-06-22T19:58:00Z,33
2021-06-22T19:59:00Z,49
2021-06-22T20:00:00Z,25
2021-06-22T20:01:00Z,68
2021-06-22T20:02:00Z,27
2021-06-22T20:03:00Z,36
2021-06-22T20:04:00Z,48
2021-06-22T20:05:00Z,70
2021-06-22T20:06:00Z,64
2021-06-22T20:07:00Z,51
2021-06-22T20:08:00Z,30
2021-06-22T20:09:00Z,62
2021-06-22T20:10:00Z,60
2021-06-22T20:11:00Z,35
2021-06-22T20:12:00Z,50
2021-06-22T20:13:00Z,36
2021-06-22T20:14:00Z,46
2021-06-22T20:15:00Z,43
2021-06-22T20:16:00Z,51
2021-06-22T20:17:00Z,28
2021-06-22T20:18:00Z,46
2021-06-22T20:19:00Z,54
2021-06-22T20:20:00Z,40
2021-06-22T20:21:00Z,68
2021-06-22T20:22:00Z,27
2021-06-22T20:23:00Z,47
2021-06-22T20:24:00Z,39
2021-06-22T20:25:00Z,58
2021-06-22T20:26:00Z,52
2021-06-22T20:27:00Z,48
2021-06-22T20:28:00Z,39
2021-06-22T20:29:00Z,52
2021-06-22T20:30:00Z,30
2021-06-22T20:31:00Z,41
2021-06-22T20:32:00Z,65
2021-06-22T20:33:00Z,34
2021-06-22T20:34:00Z,26
2021-06-22T20:35:00Z,37
2021-06-22T20:36:00Z,35
2021-06-22T20:37:00Z,25
2021-06-22T20:38:00Z,48
2021-06-22T20:39:00Z,36
2021-06-22T20:40:00Z,60
2021-06-22T20:41:00Z,50
2021-06-22T20:42:00Z,49
2021-06-22T20:43:00Z,66
2021-06-22T20:44:00Z,42
2021-06-22T20:45:00Z,38
2021-06-22T20:46:00Z,31
2021-06-22T20:47:00Z,52
2021-06-22T20:48:00Z,42
2021-06-22T20:49:00Z,36
2021-06-22T20:50:00Z,68
2021-06-22T20:51:00Z,50
2021-06-22T20:52:00Z,44
2021-06-22T20:53:00Z,52
2021-06-22T20:54:00Z,42
2021-06-22T20:55:00Z,44
2021-06-22T20:56:00Z,69
2021-06-22T20:57:00Z,54
2021-06-22T20:58:00Z,45
2021-06-22T20:59:00Z,32
2021-06-22T21:00:00Z,34
2021-06-22T21:01:00Z,28
2021-06-22T21:02:00Z,60
2021-06-22T21:03:00Z,55
2021-06-22T21:04:00Z,47
2021-06-22T21:05:00Z,40
2021-06-22T21:06:00Z,66
2021-06-22T21:07:00Z,33
2021-06-22T21:08:00Z,33
2021-06-22T21:09:00Z,69
2021-06-22T21:10:00Z,32
2021-06-22T21:11:00Z,35
2021-06-22T21:12:00Z,61
2021-06-22T21:13:00Z,53
2021-06-22T21:14:00Z,58
2021-06-22T21:15:00Z,69
2021-06-22T21:16:00Z,45
2021-06-22T21:17:00Z,53
2021-06-22T21:18:00Z,65
2021-06-22T21:19:00Z,31
2021-06-22T21:20:00Z,29
2021-06-22T21:21:00Z,65
2021-06-22T21:22:00Z,61
2021-06-22T21:23:00Z,55
2021-06-22T21:24:00Z,66
2021-06-22T21:25:00Z,32
2021-06-22T21:26:00Z,45
2021-06-22T21:27:00Z,33
2021-06-22T21:28:00Z,45
2021-06-22T21:29:00Z,42
2021-06-22T21:30:00Z,38
2021-06-22T21:31:00Z,54
2021-06-22T21:32:00Z,55
2021-06-22T21:33:00Z,62
2021-06-22T21:34:00Z,46
2021-06-22T21:35:00Z,49
2021-06-22T21:36:00Z,33
2021-06-22T21:37:00Z,63
2021-06-22T21:38:00Z,34
2021-06-22T21:39:00Z,37
2021-06-22T21:40:00Z,64
2021-06-22T21:41:00Z,63
2021-06-22T21:42:00Z,39
2021-06-22T21:43:00Z,42
2021-06-22T21:44:00Z,29
2021-06-22T21:45:00Z,63
2021-06-22T21:46:00Z,48
2021-06-22T21:47:00Z,39
2021-06-22T21:48:00Z,37
2021-06-22T21:49:00Z,54
2021-06-22T21:50:00Z,37
2021-06-22T21:51:00Z,63
2021-06-22T21:52:00Z,30
2021-06-22T21:53:00Z,25
2021-06-22T21:54:00Z,48
2021-06-22T21:55:00Z,36
2021-06-22T21:56:00Z,45
2021-06-22T21:57:00Z,60
2021-06-22T21:58:00Z,44
2021-06-22T21:59:00Z,60
2021-06-22T22:00:00Z,61
2021-06-22T22:01:00Z,70
2021-06-22T22:02:00Z,38
2021-06-22T22:03:00Z,51
2021-06-22T22:04:00Z,62
2021-06-22T22:05:00Z,40
2021-06-22T22:06:00Z,53
2021-06-22T22:07:00Z,70
2021-06-22T22:08:00Z,52
2021-06-22T22:09:00Z,29
2021-06-22T22:10:00Z,54
2021-06-22T22:11:00Z,51
2021-06-22T22:12:00Z,69
2021-06-22T22:13:00Z,58
2021-06-22T22:14:00Z,26
2021-06-22T22:15:00Z,65
2021-06-22T22:16:00Z,58
2021-06-22T22:17:00Z,44
2021-06-22T22:18:00Z,35
2021-06-22T22:19:00Z,55
2021-06-22T22:20:00Z,66
2021-06-22T22:21:00Z,58
2021-06-22T22:22:00Z,66
2021-06-22T22:23:00Z,45
2021-06-22T22:24:00Z,49
2021-06-22T22:25:00Z,32
2021-06-22T22:26:00Z,38
2021-06-22T22:27:00Z,44
2021-06-22T22:28:00Z,55
2021-06-22T22:29:00Z,34
2021-06-22T22:30:00Z,45
2021-06-22T22:31:00Z,54
2021-06-22T22:32:00Z,55
2021-06-22T22:33:00Z,64
2021-06-22T22:34:00Z,45
2021-06-22T22:35:00Z,41
2021-06-22T22:36:00Z,66
2021-06-22T22:37:00Z,29
2021-06-22T22:38:00Z,57
2021-06-22T22:39:00Z,55
2021-06-22T22:40:00Z,64
2021-06-22T22:41:00Z,46
2021-06-22T22:42:00Z,28
2021-06-22T22:43:00Z,50
2021-06-22T22:44:00Z,66
2021-06-22T22:45:00Z,51
2021-06-22T22:46:00Z,44
2021-06-22T22:47:00Z,64
2021-06-22T22:48:00Z,61
2021-06-22T22:49:00Z,53
2021-06-22T22:50:00Z,68
2021-06-22T22:51:00Z,52
2021-06-22T22:52:00Z,49
2021-06-22T22:53:00Z,57
2021-06-22T22:54:00Z,27
2021-06-22T22:55:00Z,54
2021-06-22T22:56:00Z,66
2021-06-22T22:57:00Z,46
2021-06-22T22:58:00Z,70
2021-06-22T22:59:00Z,68
2021-06-22T23:00:00Z,44
2021-06-22T23:01:00Z,55
2021-06-22T23:02:00Z,51
2021-06-22T23:03:00Z,28
2021-06-22T23:04:00Z,62
2021-06-22T23:05:00Z,30
2021-06-22T23:06:00Z,38
2021-06-22T23:07:00Z,41
2021-06-22T23:08:00Z,67
2021-06-22T23:09:00Z,27
2021-06-22T23:10:00Z,52
2021-06-22T23:11:00Z,45
2021-06-22T23:12:00Z,64
2021-06-22T23:13:00Z,67
2021-06-22T23:14:00Z,37
2021-06-22T23:15:00Z,44
2021-06-22T23:16:00Z,41
2021-06-22T23:17:00Z,45
2021-06-22T23:18:00Z,25
2021-06-22T23:19:00Z,51
2021-06-22T23:20:00Z,43
2021-06-22T23:21:00Z,47
2021-06-22T23:22:00Z,29
2021-06-22T23:23:00Z,63
2021-06-22T23:24:00Z,66
2021-06-22T23:25:00Z,45
2021-06-22T23:26:00Z,56
2021-06-22T23:27:00Z,40
2021-06-22T23:28:00Z,62
2021-06-22T23:29:00Z,48
2021-06-22T23:30:00Z,65
2021-06-22T23:31:00Z,45
2021-06-22T23:32:00Z,70
2021-06-22T23:33:00Z,70
2021-06-22T23:34:00Z,32
2021-06-22T23:35:00Z,67
2021-06-22T23:36:00Z,43
2021-06-22T23:37:00Z,32
2021-06-22T23:38:00Z,27
2021-06-22T23:39:00Z,30
2021-06-22T23:40:00Z,31
2021-06-22T23:41:00Z,43
2021-06-22T23:42:00Z,68
2021-06-22T23:43:00Z,25
2021-06-22T23:44:00Z,59
2021-06-22T23:45:00Z,59
2021-06-22T23:46:00Z,45
2021-06-22T23:47:00Z,28
2021-06-22T23:48:00Z,63
2021-06-22T23:49:00Z,37
2021-06-22T23:50:00Z,36
2021-06-22T23:51:00Z,63
2021-06-22T23:52:00Z,32
2021-06-22T23:53:00Z,38
2021-06-22T23:54:00Z,55
2021-06-22T23:55:00Z,29
2021-06-22T23:56:00Z,31
2021-06-22T23:57:00Z,58
2021-06-22T23:58:00Z,51
2021-06-22T23:59:00Z,54
2021-06-23T00:00:00Z,43
2021-06-23T00:01:00Z,26
2021-06-23T00:02:00Z,42
2021-06-23T00:03:00Z,46
2021-06-23T00:04:00Z,35
2021-06-23T00:05:00Z,70
2021-06-23T00:06:00Z,44
2021-06-23T00:07:00Z,44
2021-06-23T00:08:00Z,63
2021-06-23T00:09:00Z,25
2021-06-23T00:10:00Z,29
2021-06-23T00:11:00Z,70
2021-06-23T00:12:00Z,33
2021-06-23T00:13:00Z,46
2021-06-23T00:14:00Z,39
2021-06-23T00:15:00Z,34
2021-06-23T00:16:00Z,47
2021-06-23T00:17:00Z,67
2021-06-23T00:18:00Z,25
2021-06-23T00:19:00Z,50
2021-06-23T00:20:00Z,63
2021-06-23T00:21:00Z,25
2021-06-23T00:22:00Z,49
2021-06-23T00:23:00Z,69
2021-06-23T00:24:00Z,38
2021-06-23T00:25:00Z,50
2021-06-23T00:26:00Z,51
2021-06-23T00:27:00Z,29
2021-06-23T00:28:00Z,47
2021-06-23T00:29:00Z,68
2021-06-23T00:30:00Z,58
2021-06-23T00:31:00Z,44
2021-06-23T00:32:00Z,68
2021-06-23T00:33:00Z,60
2021-06-23T00:34:00Z,66
2021-06-23T00:35:00Z,25
2021-06-23T00:36:00Z,54
2021-06-23T00:37:00Z,28
2021-06-23T00:38:00Z,33
2021-06-23T00:39:00Z,27
2021-06-23T00:40:00Z,37
2021-06-23T00:41:00Z,60
2021-06-23T00:42:00Z,40
2021-06-23T00:43:00Z,70
2021-06-23T00:44:00Z,38
2021-06-23T00:45:00Z,29
2021-06-23T00:46:00Z,66
2021-06-23T00:47:00Z,66
2021-06-23T00:48:00Z,52
2021-06-23T00:49:00Z,32
2021-06-23T00:50:00Z,42
2021-06-23T00:51:00Z,28
2021-06-23T00:52:00Z,35
2021-06-23T00:53:00Z,27
2021-06-23T00:54:00Z,56
2021-06-23T00:55:00Z,62
2021-06-23T00:56:00Z,46
2021-06-23T00:57:00Z,53
2021-06-23T00:58:00Z,50
2021-06-23T00:59:00Z,60
2021-06-23T01:00:00Z,46
2021-06-23T01:01:00Z,69
2021-06-23T01:02:00Z,26
2021-06-23T01:03:00Z,26
2021-06-23T01:04:00Z,61
2021-06-23T01:05:00Z,47
2021-06-23T01:06:00Z,25
2021-06-23T01:07:00Z,40
2021-06-23T01:08:00Z,59
2021-06-23T01:09:00Z,47
2021-06-23T01:10:00Z,42
2021-06-23T01:11:00Z,49
2021-06-23T01:12:00Z,30
2021-06-23T01:13:00Z,61
2021-06-23T01:14:00Z,68
2021-06-23T01:15:00Z,50
2021-06-23T01:16:00Z,63
2021-06-23T01:17:00Z,63
2021-06-23T01:18:00Z,66
2021-06-23T01:19:00Z,68
2021-06-23T01:20:00Z,33
2021-06-23T01:21:00Z,27
2021-06-23T01:22:00Z,70
2021-06-23T01:23:00Z,31
2021-06-23T01:24:00Z,47
2021-06-23T01:25:00Z,60
2021-06-23T01:26:00Z,61
2021-06-23T01:27:00Z,35
2021-06-23T01:28:00Z,48
2021-06-23T01:29:00Z,46
2021-06-23T01:30:00Z,46
2021-06-23T01:31:00Z,48
2021-06-23T01:32:00Z,25
2021-06-23T01:33:00Z,48
2021-06-23T01:34:00Z,62
2021-06-23T01:35:00Z,32
2021-06-23T01:36:00Z,33
2021-06-23T01:37:00Z,37
2021-06-23T01:38:00Z,43
2021-06-23T01:39:00Z,53
2021-06-23T01:40:00Z,30
2021-06-23T01:41:00Z,44
2021-06-23T01:42:00Z,33
2021-06-23T01:43:00Z,54
2021-06-23T01:44:00Z,46
2021-06-23T01:45:00Z,46
2021-06-23T01:46:00Z,44
2021-06-23T01:47:00Z,25
2021-06-23T01:48:00Z,42
2021-06-23T01:49:00Z,68
2021-06-23T01:50:00Z,67
2021-06-23T01:51:00Z,52
2021-06-23T01:52:00Z,30
2021-06-23T01:53:00Z,69
2021-06-23T01:54:00Z,54
2021-06-23T01:55:00Z,67
2021-06-23T01:56:00Z,55
2021-06-23T01:57:00Z,57
2021-06-23T01:58:00Z,35
2021-06-23T01:59:00Z,59
2021-06-23T02:00:00Z,59
2021-06-23T02:01:00Z,46
2021-06-23T02:02:00Z,66
2021-06-23T02:03:00Z,27
2021-06-23T02:04:00Z,63
2021-06-23T02:05:00Z,34
2021-06-23T02:06:00Z,67
2021-06-23T02:07:00Z,70
2021-06-23T02:08:00Z,57
2021-06-23T02:09:00Z,59
2021-06-23T02:10:00Z,29
2021-06-23T02:11:00Z,55
2021-06-23T02:12:00Z,59
2021-06-23T02:13:00Z,63
2021-06-23T02:14:00Z,28
2021-06-23T02:15:00Z,61
2021-06-23T02:16:00Z,65
2021-06-23T02:17:00Z,68
2021-06-23T02:18:00Z,39
2021-06-23T02:19:00Z,52
2021-06-23T02:20:00Z,27
2021-06-23T02:21:00Z,61
2021-06-23T02:22:00Z,45
2021-06-23T02:23:00Z,52
2021-06-23T02:24:00Z,32
2021-06-23T02:25:00Z,59
2021-06-23T02:26:00Z,48
2021-06-23T02:27:00Z,29
2021-06-23T02:28:00Z,67
2021-06-23T02:29:00Z,28
2021-06-23T02:30:00Z,42
2021-06-23T02:31:00Z,34
2021-06-23T02:32:00Z,47
2021-06-23T02:33:00Z,65
2021-06-23T02:34:00Z,54
2021-06-23T02:35:00Z,50
2021-06-23T02:36:00Z,35
2021-06-23T02:37:00Z,67
2021-06-23T02:38:00Z,56
2021-06-23T02:39:00Z,48
2021-06-23T02:40:00Z,36
2021-06-23T02:41:00Z,57
2021-06-23T02:42:00Z,52
2021-06-23T02:43:00Z,54
2021-06-23T02:44:00Z,44
2021-06-23T02:45:00Z,61
2021-06-23T02:46:00Z,31
2021-06-23T02:47:00Z,47
2021-06-23T02:48:00Z,52
2021-06-23T02:49:00Z,50
2021-06-23T02:50:00Z,44
2021-06-23T02:51:00Z,35
2021-06-23T02:52:00Z,35
2021-06-23T02:53:00Z,63
2021-06-23T02:54:00Z,63
2021-06-23T02:55:00Z,46
2021-06-23T02:56:00Z,66
2021-06-23T02:57:00Z,29
2021-06-23T02:58:00Z,60
2021-06-23T02:59:00Z,35
2021-06-23T03:00:00Z,60
2021-06-23T03:01:00Z,51
2021-06-23T03:02:00Z,33
2021-06-23T03:03:00Z,43
2021-06-23T03:04:00Z,35
2021-06-23T03:05:00Z,34
2021-06-23T03:06:00Z,46
2021-06-23T03:07:00Z,68
2021-06-23T03:08:00Z,55
2021-06-23T03:09:00Z,66
2021-06-23T03:10:00Z,34
2021-06-23T03:11:00Z,44
2021-06-23T03:12:00Z,44
2021-06-23T03:13:00Z,64
2021-06-23T03:14:00Z,58
2021-06-23T03:15:00Z,30
2021-06-23T03:16:00Z,64
2021-06-23T03:17:00Z,37
2021-06-23T03:18:00Z,42
2021-06-23T03:19:00Z,57
2021-06-23T03:20:00Z,61
2021-06-23T03:21:00Z,59
2021-06-23T03:22:00Z,46
2021-06-23T03:23:00Z,58
2021-06-23T03:24:00Z,39
2021-06-23T03:25:00Z,43
2021-06-23T03:26:00Z,32
2021-06-23T03:27:00Z,61
2021-06-23T03:28:00Z,65
2021-06-23T03:29:00Z,67
2021-06-23T03:30:00Z,43
2021-06-23T03:31:00Z,65
2021-06-23T03:32:00Z,48
2021-06-23T03:33:00Z,70
2021-06-23T03:34:00Z,43
2021-06-23T03:35:00Z,57
2021-06-23T03:36:00Z,33
2021-06-23T03:37:00Z,66
2021-06-23T03:38:00Z,47
2021-06-23T03:39:00Z,42
2021-06-23T03:40:00Z,28
2021-06-23T03:41:00Z,58
2021-06-23T03:42:00Z,36
2021-06-23T03:43:00Z,58
2021-06-23T03:44:00Z,36
2021-06-23T03:45:00Z,57
2021-06-23T03:46:00Z,45
2021-06-23T03:47:00Z,48
2021-06-23T03:48:00Z,62
2021-06-23T03:49:00Z,60
2021-06-23T03:50:00Z,65
2021-06-23T03:51:00Z,58
2021-06-23T03:52:00Z,39
2021-06-23T03:53:00Z,47
2021-06-23T03:54:00Z,63
2021-06-23T03:55:00Z,67
2021-06-23T03:56:00Z,65
2021-06-23T03:57:00Z,25
2021-06-23T03:58:00Z,66
2021-06-23T03:59:00Z,25
2021-06-23T04:00:00Z,44
2021-06-23T04:01:00Z,34
2021-06-23T04:02:00Z,47
2021-06-23T04:03:00Z,42
2021-06-23T04:04:00Z,29
2021-06-23T04:05:00Z,51
2021-06-23T04:06:00Z,37
2021-06-23T04:07:00Z,35
2021-06-23T04:08:00Z,57
2021-06-23T04:09:00Z,59
2021-06-23T04:10:00Z,35
2021-06-23T04:11:00Z,43
2021-06-23T04:12:00Z,37
2021-06-23T04:13:00Z,37
2021-06-23T04:14:00Z,66
2021-06-23T04:15:00Z,30
2021-06-23T04:16:00Z,40
2021-06-23T04:17:00Z,70
2021-06-23T04:18:00Z,45
2021-06-23T04:19:00Z,66
2021-06-23T04:20:00Z,29
2021-06-23T04:21:00Z,63
2021-06-23T04:22:00Z,38
2021-06-23T04:23:00Z,66
2021-06-23T04:24:00Z,26
2021-06-23T04:25:00Z,50
2021-06-23T04:26:00Z,40
2021-06-23T04:27:00Z,42
2021-06-23T04:28:00Z,69
2021-06-23T04:29:00Z,54
2021-06-23T04:30:00Z,59
2021-06-23T04:31:00Z,36
2021-06-23T04:32:00Z,33
2021-06-23T04:33:00Z,34
2021-06-23T04:34:00Z,54
2021-06-23T04:35:00Z,52
2021-06-23T04:36:00Z,39
2021-06-23T04:37:00Z,67
2021-06-23T04:38:00Z,31
2021-06-23T04:39:00Z,44
2021-06-23T04:40:00Z,69
2021-06-23T04:41:00Z,49
2021-06-23T04:42:00Z,50
2021-06-23T04:43:00Z,56
2021-06-23T04:44:00Z,30
2021-06-23T04:45:00Z,37
2021-06-23T04:46:00Z,40
2021-06-23T04:47:00Z,56
2021-06-23T04:48:00Z,64
2021-06-23T04:49:00Z,68
2021-06-23T04:50:00Z,64
2021-06-23T04:51:00Z,50
2021-06-23T04:52:00Z,64
2021-06-23T04:53:00Z,66
2021-06-23T04:54:00Z,68
2021-06-23T04:55:00Z,62
2021-06-23T04:56:00Z,55
2021-06-23T04:57:00Z,70
2021-06-23T04:58:00Z,29
2021-06-23T04:59:00Z,52
2021-06-23T05:00:00Z,33
2021-06-23T05:01:00Z,41
2021-06-23T05:02:00Z,56
2021-06-23T05:03:00Z,28
2021-06-23T05:04:00Z,41
2021-06-23T05:05:00Z,35
2021-06-23T05:06:00Z,59
2021-06-23T05:07:00Z,39
2021-06-23T05:08:00Z,25
2021-06-23T05:09:00Z,44
2021-06-23T05:10:00Z,69
2021-06-23T05:11:00Z,39
2021-06-23T05:12:00Z,33
2021-06-23T05:13:00Z,45
2021-06-23T05:14:00Z,60
2021-06-23T05:15:00Z,27
2021-06-23T05:16:00Z,53
2021-06-23T05:17:00Z,48
2021-06-23T05:18:00Z,70
2021-06-23T05:19:00Z,35
2021-06-23T05:20:00Z,26
2021-06-23T05:21:00Z,67
2021-06-23T05:22:00Z,27
2021-06-23T05:23:00Z,39
2021-06-23T05:24:00Z,45
2021-06-23T05:25:00Z,53
2021-06-23T05:26:00Z,38
2021-06-23T05:27:00Z,70
2021-06-23T05:28:00Z,65
2021-06-23T05:29:00Z,38
2021-06-23T05:30:00Z,56
2021-06-23T05:31:00Z,42
2021-06-23T05:32:00Z,52
2021-06-23T05:33:00Z,30
2021-06-23T05:34:00Z,35
2021-06-23T05:35:00Z,43
2021-06-23T05:36:00Z,38
2021-06-23T05:37:00Z,43
2021-06-23T05:38:00Z,39
2021-06-23T05:39:00Z,34
2021-06-23T05:40:00Z,62
2021-06-23T05:41:00Z,49
2021-06-23T05:42:00Z,52
2021-06-23T05:43:00Z,34
2021-06-23T05:44:00Z,69
2021-06-23T05:45:00Z,31
2021-06-23T05:46:00Z,54
2021-06-23T05:47:00Z,56
2021-06-23T05:48:00Z,58
2021-06-23T05:49:00Z,62
2021-06-23T05:50:00Z,39
2021-06-23T05:51:00Z,69
2021-06-23T05:52:00Z,52
2021-06-23T05:53:00Z,60
2021-06-23T05:54:00Z,57
2021-06-23T05:55:00Z,33
2021-06-23T05:56:00Z,49
2021-06-23T05:57:00Z,50
2021-06-23T05:58:00Z,51
2021-06-23T05:59:00Z,38
2021-06-23T06:00:00Z,33
2021-06-23T06:01:00Z,49
2021-06-23T06:02:00Z,37
2021-06-23T06:03:00Z,38
2021-06-23T06:04:00Z,49
2021-06-23T06:05:00Z,45
2021-06-23T06:06:00Z,29
2021-06-23T06:07:00Z,43
2021-06-23T06:08:00Z,26
2021-06-23T06:09:00Z,50
2021-06-23T06:10:00Z,47
2021-06-23T06:11:00Z,29
2021-06-23T06:12:00Z,43
2021-06-23T06:13:00Z,34
2021-06-23T06:14:00Z,33
2021-06-23T06:15:00Z,51
2021-06-23T06:16:00Z,55
2021-06-23T06:17:00Z,65
2021-06-23T06:18:00Z,28
2021-06-23T06:19:00Z,64
2021-06-23T06:20:00Z,28
2021-06-23T06:21:00Z,51
2021-06-23T06:22:00Z,56
2021-06-23T06:23:00Z,30
2021-06-23T06:24:00Z,28
2021-06-23T06:25:00Z,54
2021-06-23T06:26:00Z,41
2021-06-23T06:27:00Z,70
2021-06-23T06:28:00Z,69
2021-06-23T06:29:00Z,35
2021-06-23T06:30:00Z,68
2021-06-23T06:31:00Z,68
2021-06-23T06:32:00Z,52
2021-06-23T06:33:00Z,69
2021-06-23T06:34:00Z,62
2021-06-23T06:35:00Z,63
2021-06-23T06:36:00Z,32
2021-06-23T06:37:00Z,49
2021-06-23T06:38:00Z,34
2021-06-23T06:39:00Z,59
2021-06-23T06:40:00Z,67
2021-06-23T06:41:00Z,41
2021-06-23T06:42:00Z,49
2021-06-23T06:43:00Z,64
2021-06-23T06:44:00Z,65
2021-06-23T06:45:00Z,41
2021-06-23T06:46:00Z,39
2021-06-23T06:47:00Z,25
2021-06-23T06:48:00Z,43
2021-06-23T06:49:00Z,37
2021-06-23T06:50:00Z,65
2021-06-23T06:51:00Z,37
2021-06-23T06:52:00Z,39
2021-06-23T06:53:00Z,45
2021-06-23T06:54:00Z,52
2021-06-23T06:55:00Z,55
2021-06-23T06:56:00Z,57
2021-06-23T06:57:00Z,70
2021-06-23T06:58:00Z,25
2021-06-23T06:59:00Z,66
2021-06-23T07:00:00Z,43
2021-06-23T07:01:00Z,51
2021-06-23T07:02:00Z,66
2021-06-23T07:03:00Z,67
2021-06-23T07:04:00Z,40
2021-06-23T07:05:00Z,25
2021-06-23T07:06:00Z,70
2021-06-23T07:07:00Z,65
2021-06-23T07:08:00Z,38
2021-06-23T07:09:00Z,29
2021-06-23T07:10:00Z,49
2021-06-23T07:11:00Z,54
2021-06-23T07:12:00Z,48
2021-06-23T07:13:00Z,25
2021-06-23T07:14:00Z,43
2021-06-23T07:15:00Z,43
2021-06-23T07:16:00Z,44
2021-06-23T07:17:00Z,53
2021-06-23T07:18:00Z,33
2021-06-23T07:19:00Z,31
2021-06-23T07:20:00Z,41
2021-06-23T07:21:00Z,30
2021-06-23T07:22:00Z,51
2021-06-23T07:23:00Z,65
2021-06-23T07:24:00Z,33
2021-06-23T07:25:00Z,60
2021-06-23T07:26:00Z,51
2021-06-23T07:27:00Z,52
2021-06-23T07:28:00Z,26
2021-06-23T07:29:00Z,25
2021-06-23T07:30:00Z,63
2021-06-23T07:31:00Z,70
2021-06-23T07:32:00Z,69
2021-06-23T07:33:00Z,27
2021-06-23T07:34:00Z,58
2021-06-23T07:35:00Z,40
2021-06-23T07:36:00Z,32
2021-06-23T07:37:00Z,32
2021-06-23T07:38:00Z,30
2021-06-23T07:39:00Z,32
2021-06-23T07:40:00Z,35
2021-06-23T07:41:00Z,52
2021-06-23T07:42:00Z,26
2021-06-23T07:43:00Z,55
2021-06-23T07:44:00Z,63
2021-06-23T07:45:00Z,36
2021-06-23T07:46:00Z,51
2021-06-23T07:47:00Z,53
2021-06-23T07:48:00Z,26
2021-06-23T07:49:00Z,69
2021-06-23T07:50:00Z,29
2021-06-23T07:51:00Z,70
2021-06-23T07:52:00Z,50
2021-06-23T07:53:00Z,32
2021-06-23T07:54:00Z,46
2021-06-23T07:55:00Z,58
2021-06-23T07:56:00Z,34
2021-06-23T07:57:00Z,49
2021-06-23T07:58:00Z,54
2021-06-23T07:59:00Z,32
2021-06-23T08:00:00Z,45
2021-06-23T08:01:00Z,62
2021-06-23T08:02:00Z,50
2021-06-23T08:03:00Z,48
2021-06-23T08:04:00Z,57
2021-06-23T08:05:00Z,48
2021-06-23T08:06:00Z,58
2021-06-23T08:07:00Z,43
2021-06-23T08:08:00Z,43
2021-06-23T08:09:00Z,61
2021-06-23T08:10:00Z,39
2021-06-23T08:11:00Z,53
2021-06-23T08:12:00Z,69
2021-06-23T08:13:00Z,65
2021-06-23T08:14:00Z,50
2021-06-23T08:15:00Z,68
2021-06-23T08:16:00Z,26
2021-06-23T08:17:00Z,66
2021-06-23T08:18:00Z,51
2021-06-23T08:19:00Z,68
2021-06-23T08:20:00Z,47
2021-06-23T08:21:00Z,41
2021-06-23T08:22:00Z,33
2021-06-23T08:23:00Z,36
2021-06-23T08:24:00Z,38
2021-06-23T08:25:00Z,67
2021-06-23T08:26:00Z,67
2021-06-23T08:27:00Z,44
2021-06-23T08:28:00Z,38
2021-06-23T08:29:00Z,52
2021-06-23T08:30:00Z,28
2021-06-23T08:31:00Z,63
2021-06-23T08:32:00Z,61
2021-06-23T08:33:00Z,39
2021-06-23T08:34:00Z,26
2021-06-23T08:35:00Z,60
2021-06-23T08:36:00Z,58
2021-06-23T08:37:00Z,69
2021-06-23T08:38:00Z,53
2021-06-23T08:39:00Z,33
2021-06-23T08:40:00Z,57
2021-06-23T08:41:00Z,36
2021-06-23T08:42:00Z,68
2021-06-23T08:43:00Z,50
2021-06-23T08:44:00Z,27
2021-06-23T08:45:00Z,56
2021-06-23T08:46:00Z,60
2021-06-23T08:47:00Z,30
2021-06-23T08:48:00Z,63
2021-06-23T08:49:00Z,49
2021-06-23T08:50:00Z,27
2021-06-23T08:51:00Z,29
2021-06-23T08:52:00Z,55
2021-06-23T08:53:00Z,52
2021-06-23T08:54:00Z,51
2021-06-23T08:55:00Z,37
2021-06-23T08:56:00Z,41
2021-06-23T08:57:00Z,54
2021-06-23T08:58:00Z,64
2021-06-23T08:59:00Z,25
2021-06-23T09:00:00Z,32
2021-06-23T09:01:00Z,56
2021-06-23T09:02:00Z,31
2021-06-23T09:03:00Z,61
2021-06-23T09:04:00Z,57
2021-06-23T09:05:00Z,41
2021-06-23T09:06:00Z,64
2021-06-23T09:07:00Z,35
2021-06-23T09:08:00Z,65
2021-06-23T09:09:00Z,47
2021-06-23T09:10:00Z,43
2021-06-23T09:11:00Z,63
2021-06-23T09:12:00Z,42
2021-06-23T09:13:00Z,66
2021-06-23T09:14:00Z,34
2021-06-23T09:15:00Z,46
2021-06-23T09:16:00Z,27
2021-06-23T09:17:00Z,25
2021-06-23T09:18:00Z,64
2021-06-23T09:19:00Z,64
2021-06-23T09:20:00Z,26
2021-06-23T09:21:00Z,60
2021-06-23T09:22:00Z,35
2021-06-23T09:23:00Z,29
2021-06-23T09:24:00Z,51
2021-06-23T09:25:00Z,27
2021-06-23T09:26:00Z,59
2021-06-23T09:27:00Z,44
2021-06-23T09:28:00Z,64
2021-06-23T09:29:00Z,31
2021-06-23T09:30:00Z,44
2021-06-23T09:31:00Z,41
2021-06-23T09:32:00Z,41
2021-06-23T09:33:00Z,59
2021-06-23T09:34:00Z,61
2021-06-23T09:35:00Z,58
2021-06-23T09:36:00Z,42
2021-06-23T09:37:00Z,36
2021-06-23T09:38:00Z,60
2021-06-23T09:39:00Z,49
2021-06-23T09:40:00Z,52
2021-06-23T09:41:00Z,55
2021-06-23T09:42:00Z,47
2021-06-23T09:43:00Z,58
2021-06-23T09:44:00Z,56
2021-06-23T09:45:00Z,54
2021-06-23T09:46:00Z,39
2021-06-23T09:47:00Z,31
2021-06-23T09:48:00Z,64
2021-06-23T09:49:00Z,36
2021-06-23T09:50:00Z,50
2021-06-23T09:51:00Z,51
2021-06-23T09:52:00Z,50
2021-06-23T09:53:00Z,44
2021-06-23T09:54:00Z,53
2021-06-23T09:55:00Z,44
2021-06-23T09:56:00Z,70
2021-06-23T09:57:00Z,55
2021-06-23T09:58:00Z,28
2021-06-23T09:59:00Z,46
2021-06-23T10:00:00Z,36
2021-06-23T10:01:00Z,68
2021-06-23T10:02:00Z,70
2021-06-23T10:03:00Z,70
2021-06-23T10:04:00Z,31
2021-06-23T10:05:00Z,55
2021-06-23T10:06:00Z,50
2021-06-23T10:07:00Z,42
2021-06-23T10:08:00Z,45
2021-06-23T10:09:00Z,53
2021-06-23T10:10:00Z,34
2021-06-23T10:11:00Z,32
2021-06-23T10:12:00Z,31
2021-06-23T10:13:00Z,34
2021-06-23T10:14:00Z,29
2021-06-23T10:15:00Z,47
2021-06-23T10:16:00Z,48
2021-06-23T10:17:00Z,70
2021-06-23T10:18:00Z,36
2021-06-23T10:19:00Z,69
2021-06-23T10:20:00Z,64
2021-06-23T10:21:00Z,58
2021-06-23T10:22:00Z,62
2021-06-23T10:23:00Z,37
2021-06-23T10:24:00Z,28
2021-06-23T10:25:00Z,25
2021-06-23T10:26:00Z,48
2021-06-23T10:27:00Z,47
2021-06-23T10:28:00Z,65
2021-06-23T10:29:00Z,70
2021-06-23T10:30:00Z,66
2021-06-23T10:31:00Z,41
2021-06-23T10:32:00Z,38
2021-06-23T10:33:00Z,50
2021-06-23T10:34:00Z,26
2021-06-23T10:35:00Z,30
2021-06-23T10:36:00Z,46
2021-06-23T10:37:00Z,29
2021-06-23T10:38:00Z,33
2021-06-23T10:39:00Z,37
2021-06-23T10:40:00Z,63
2021-06-23T10:41:00Z,62
2021-06-23T10:42:00Z,62
2021-06-23T10:43:00Z,45
2021-06-23T10:44:00Z,50
2021-06-23T10:45:00Z,66
2021-06-23T10:46:00Z,54
2021-06-23T10:47:00Z,36
2021-06-23T10:48:00Z,25
2021-06-23T10:49:00Z,43
2021-06-23T10:50:00Z,31
2021-06-23T10:51:00Z,60
2021-06-23T10:52:00Z,35
2021-06-23T10:53:00Z,38
2021-06-23T10:54:00Z,70
2021-06-23T10:55:00Z,40
2021-06-23T10:56:00Z,45
2021-06-23T10:57:00Z,63
2021-06-23T10:58:00Z,26
2021-06-23T10:59:00Z,67
2021-06-23T11:00:00Z,32
2021-06-23T11:01:00Z,32
2021-06-23T11:02:00Z,49
2021-06-23T11:03:00Z,30
2021-06-23T11:04:00Z,67
2021-06-23T11:05:00Z,25
2021-06-23T11:06:00Z,55
2021-06-23T11:07:00Z,67
2021-06-23T11:08:00Z,53
2021-06-23T11:09:00Z,70
2021-06-23T11:10:00Z,68
2021-06-23T11:11:00Z,43
2021-06-23T11:12:00Z,37
2021-06-23T11:13:00Z,40
2021-06-23T11:14:00Z,31
2021-06-23T11:15:00Z,67
2021-06-23T11:16:00Z,48
2021-06-23T11:17:00Z,67
2021-06-23T11:18:00Z,31
2021-06-23T11:19:00Z,47
2021-06-23T11:20:00Z,50
2021-06-23T11:21:00Z,63
2021-06-23T11:22:00Z,69
2021-06-23T11:23:00Z,56
2021-06-23T11:24:00Z,31
2021-06-23T11:25:00Z,41
2021-06-23T11:26:00Z,53
2021-06-23T11:27:00Z,70
2021-06-23T11:28:00Z,36
2021-06-23T11:29:00Z,29
2021-06-23T11:30:00Z,53
2021-06-23T11:31:00Z,26
2021-06-23T11:32:00Z,27
2021-06-23T11:33:00Z,29
2021-06-23T11:34:00Z,60
2021-06-23T11:35:00Z,65
2021-06-23T11:36:00Z,53
2021-06-23T11:37:00Z,27
2021-06-23T11:38:00Z,58
2021-06-23T11:39:00Z,46
2021-06-23T11:40:00Z,48
2021-06-23T11:41:00Z,70
2021-06-23T11:42:00Z,39
2021-06-23T11:43:00Z,62
2021-06-23T11:44:00Z,60
2021-06-23T11:45:00Z,43
2021-06-23T11:46:00Z,70
2021-06-23T11:47:00Z,66
2021-06-23T11:48:00Z,32
2021-06-23T11:49:00Z,46
2021-06-23T11:50:00Z,64
2021-06-23T11:51:00Z,70
2021-06-23T11:52:00Z,47
2021-06-23T11:53:00Z,55
2021-06-23T11:54:00Z,41
2021-06-23T11:55:00Z,34
2021-06-23T11:56:00Z,67
2021-06-23T11:57:00Z,39
2021-06-23T11:58:00Z,54
2021-06-23T11:59:00Z,61
2021-06-23T12:00:00Z,62
2021-06-23T12:01:00Z,29
2021-06-23T12:02:00Z,50
2021-06-23T12:03:00Z,43
2021-06-23T12:04:00Z,50
2021-06-23T12:05:00Z,33
2021-06-23T12:06:00Z,35
2021-06-23T12:07:00Z,39
2021-06-23T12:08:00Z,70
2021-06-23T12:09:00Z,48
2021-06-23T12:10:00Z,61
2021-06-23T12:11:00Z,27
2021-06-23T12:12:00Z,53
2021-06-23T12:13:00Z,48
2021-06-23T12:14:00Z,35
2021-06-23T12:15:00Z,56
2021-06-23T12:16:00Z,48
2021-06-23T12:17:00Z,32
2021-06-23T12:18:00Z,35
2021-06-23T12:19:00Z,63
2021-06-23T12:20:00Z,49
2021-06-23T12:21:00Z,62
2021-06-23T12:22:00Z,32
2021-06-23T12:23:00Z,39
2021-06-23T12:24:00Z,49
2021-06-23T12:25:00Z,27
2021-06-23T12:26:00Z,59
2021-06-23T12:27:00Z,38
2021-06-23T12:28:00Z,44
2021-06-23T12:29:00Z,28
2021-06-23T12:30:00Z,58
2021-06-23T12:31:00Z,42
2021-06-23T12:32:00Z,63
2021-06-23T12:33:00Z,39
2021-06-23T12:34:00Z,55
2021-06-23T12:35:00Z,25
2021-06-23T12:36:00Z,56
2021-06-23T12:37:00Z,65
2021-06-23T12:38:00Z,44
2021-06-23T12:39:00Z,68
2021-06-23T12:40:00Z,43
2021-06-23T12:41:00Z,38
2021-06-23T12:42:00Z,46
2021-06-23T12:43:00Z,61
2021-06-23T12:44:00Z,69
2021-06-23T12:45:00Z,44
2021-06-23T12:46:00Z,70
2021-06-23T12:47:00Z,57
2021-06-23T12:48:00Z,67
2021-06-23T12:49:00Z,68
2021-06-23T12:50:00Z,31
2021-06-23T12:51:00Z,30
2021-06-23T12:52:00Z,33
2021-06-23T12:53:00Z,61
2021-06-23T12:54:00Z,42
2021-06-23T12:55:00Z,51
2021-06-23T12:56:00Z,36
2021-06-23T12:57:00Z,57
2021-06-23T12:58:00Z,25
2021-06-23T12:59:00Z,52
2021-06-23T13:00:00Z,27
2021-06-23T13:01:00Z,62
2021-06-23T13:02:00Z,39
2021-06-23T13:03:00Z,63
2021-06-23T13:04:00Z,28
2021-06-23T13:05:00Z,36
2021-06-23T13:06:00Z,38
2021-06-23T13:07:00Z,27
2021-06-23T13:08:00Z,70
2021-06-23T13:09:00Z,54
2021-06-23T13:10:00Z,69
2021-06-23T13:11:00Z,30
2021-06-23T13:12:00Z,59
2021-06-23T13:13:00Z,25
2021-06-23T13:14:00Z,56
2021-06-23T13:15:00Z,36
2021-06-23T13:16:00Z,29
2021-06-23T13:17:00Z,64
2021-06-23T13:18:00Z,46
2021-06-23T13:19:00Z,28
2021-06-23T13:20:00Z,25
2021-06-23T13:21:00Z,40
2021-06-23T13:22:00Z,42
2021-06-23T13:23:00Z,27
2021-06-23T13:24:00Z,51
2021-06-23T13:25:00Z,26
2021-06-23T13:26:00Z,31
2021-06-23T13:27:00Z,60
2021-06-23T13:28:00Z,58
2021-06-23T13:29:00Z,26
2021-06-23T13:30:00Z,48
2021-06-23T13:31:00Z,28
2021-06-23T13:32:00Z,27
2021-06-23T13:33:00Z,33
2021-06-23T13:34:00Z,50
2021-06-23T13:35:00Z,26
2021-06-23T13:36:00Z,62
2021-06-23T13:37:00Z,25
2021-06-23T13:38:00Z,68
2021-06-23T13:39:00Z,45
2021-06-23T13:40:00Z,67
2021-06-23T13:41:00Z,66
2021-06-23T13:42:00Z,37
2021-06-23T13:43:00Z,37
2021-06-23T13:44:00Z,66
2021-06-23T13:45:00Z,37
2021-06-23T13:46:00Z,43
2021-06-23T13:47:00Z,52
2021-06-23T13:48:00Z,32
2021-06-23T13:49:00Z,53
2021-06-23T13:50:00Z,38
2021-06-23T13:51:00Z,33
2021-06-23T13:52:00Z,35
2021-06-23T13:53:00Z,40
2021-06-23T13:54:00Z,61
2021-06-23T13:55:00Z,53
2021-06-23T13:56:00Z,39
2021-06-23T13:57:00Z,58
2021-06-23T13:58:00Z,54
2021-06-23T13:59:00Z,34
2021-06-23T14:00:00Z,34
2021-06-23T14:01:00Z,31
2021-06-23T14:02:00Z,60
2021-06-23T14:03:00Z,35
2021-06-23T14:04:00Z,26
2021-06-23T14:05:00Z,46
2021-06-23T14:06:00Z,61
2021-06-23T14:07:00Z,32
2021-06-23T14:08:00Z,70
2021-06-23T14:09:00Z,50
2021-06-23T14:10:00Z,35
2021-06-23T14:11:00Z,36
2021-06-23T14:12:00Z,52
2021-06-23T14:13:00Z,69
2021-06-23T14:14:00Z,59
2021-06-23T14:15:00Z,43
2021-06-23T14:16:00Z,59
2021-06-23T14:17:00Z,42
2021-06-23T14:18:00Z,54
2021-06-23T14:19:00Z,55
2021-06-23T14:20:00Z,70
2021-06-23T14:21:00Z,27
2021-06-23T14:22:00Z,43
2021-06-23T14:23:00Z,70
2021-06-23T14:24:00Z,41
2021-06-23T14:25:00Z,44
2021-06-23T14:26:00Z,58
2021-06-23T14:27:00Z,69
2021-06-23T14:28:00Z,36
2021-06-23T14:29:00Z,65
2021-06-23T14:30:00Z,62
2021-06-23T14:31:00Z,65
2021-06-23T14:32:00Z,53
2021-06-23T14:33:00Z,32
2021-06-23T14:34:00Z,57
2021-06-23T14:35:00Z,58
2021-06-23T14:36:00Z,69
2021-06-23T14:37:00Z,40
2021-06-23T14:38:00Z,45
2021-06-23T14:39:00Z,62
2021-06-23T14:40:00Z,65
2021-06-23T14:41:00Z,41
2021-06-23T14:42:00Z,50
2021-06-23T14:43:00Z,36
2021-06-23T14:44:00Z,63
2021-06-23T14:45:00Z,58
2021-06-23T14:46:00Z,36
2021-06-23T14:47:00Z,37
2021-06-23T14:48:00Z,47
2021-06-23T14:49:00Z,34
2021-06-23T14:50:00Z,47
2021-06-23T14:51:00Z,40
2021-06-23T14:52:00Z,58
2021-06-23T14:53:00Z,51
2021-06-23T14:54:00Z,66
2021-06-23T14:55:00Z,55
2021-06-23T14:56:00Z,29
2021-06-23T14:57:00Z,40
2021-06-23T14:58:00Z,36
2021-06-23T14:59:00Z,63
2021-06-23T15:00:00Z,64
2021-06-23T15:01:00Z,45
2021-06-23T15:02:00Z,36
2021-06-23T15:03:00Z,55
2021-06-23T15:04:00Z,47
2021-06-23T15:05:00Z,45
2021-06-23T15:06:00Z,42
2021-06-23T15:07:00Z,59
2021-06-23T15:08:00Z,36
2021-06-23T15:09:00Z,31
2021-06-23T15:10:00Z,56
2021-06-23T15:11:00Z,26
2021-06-23T15:12:00Z,64
2021-06-23T15:13:00Z,60
2021-06-23T15:14:00Z,55
2021-06-23T15:15:00Z,44
2021-06-23T15:16:00Z,67
2021-06-23T15:17:00Z,43
2021-06-23T15:18:00Z,28
2021-06-23T15:19:00Z,34
2021-06-23T15:20:00Z,55
2021-06-23T15:21:00Z,60
2021-06-23T15:22:00Z,65
2021-06-23T15:23:00Z,30
2021-06-23T15:24:00Z,29
2021-06-23T15:25:00Z,33
2021-06-23T15:26:00Z,39
2021-06-23T15:27:00Z,41
2021-06-23T15:28:00Z,29
2021-06-23T15:29:00Z,63
2021-06-23T15:30:00Z,28
2021-06-23T15:31:00Z,47
2021-06-23T15:32:00Z,32
2021-06-23T15:33:00Z,30
2021-06-23T15:34:00Z,38
2021-06-23T15:35:00Z,55
2021-06-23T15:36:00Z,65
2021-06-23T15:37:00Z,42
2021-06-23T15:38:00Z,45
2021-06-23T15:39:00Z,39
2021-06-23T15:40:00Z,33
2021-06-23T15:41:00Z,51
2021-06-23T15:42:00Z,69
2021-06-23T15:43:00Z,49
2021-06-23T15:44:00Z,61
2021-06-23T15:45:00Z,58
2021-06-23T15:46:00Z,45
2021-06-23T15:47:00Z,28
2021-06-23T15:48:00Z,33
2021-06-23T15:49:00Z,53
2021-06-23T15:50:00Z,29
2021-06-23T15:51:00Z,46
2021-06-23T15:52:00Z,48
2021-06-23T15:53:00Z,27
2021-06-23T15:54:00Z,64
2021-06-23T15:55:00Z,48
2021-06-23T15:56:00Z,48
2021-06-23T15:57:00Z,42
2021-06-23T15:58:00Z,50
2021-06-23T15:59:00Z,37
2021-06-23T16:00:00Z,48
2021-06-23T16:01:00Z,48
2021-06-23T16:02:00Z,63
2021-06-23T16:03:00Z,53
2021-06-23T16:04:00Z,27
2021-06-23T16:05:00Z,51
2021-06-23T16:06:00Z,43
2021-06-23T16:07:00Z,59
2021-06-23T16:08:00Z,53
2021-06-23T16:09:00Z,26
2021-06-23T16:10:00Z,58
2021-06-23T16:11:00Z,49
2021-06-23T16:12:00Z,69
2021-06-23T16:13:00Z,70
2021-06-23T16:14:00Z,29
2021-06-23T16:15:00Z,50
2021-06-23T16:16:00Z,64
2021-06-23T16:17:00Z,34
2021-06-23T16:18:00Z,67
2021-06-23T16:19:00Z,50
2021-06-23T16:20:00Z,38
2021-06-23T16:21:00Z,33
2021-06-23T16:22:00Z,50
2021-06-23T16:23:00Z,37
2021-06-23T16:24:00Z,43
2021-06-23T16:25:00Z,66
2021-06-23T16:26:00Z,56
2021-06-23T16:27:00Z,46
2021-06-23T16:28:00Z,26
2021-06-23T16:29:00Z,29
2021-06-23T16:30:00Z,63
2021-06-23T16:31:00Z,59
2021-06-23T16:32:00Z,58
2021-06-23T16:33:00Z,25
2021-06-23T16:34:00Z,55
2021-06-23T16:35:00Z,57
2021-06-23T16:36:00Z,38
2021-06-23T16:37:00Z,53
2021-06-23T16:38:00Z,36
2021-06-23T16:39:00Z,47
2021-06-23T16:40:00Z,68
2021-06-23T16:41:00Z,62
2021-06-23T16:42:00Z,43
2021-06-23T16:43:00Z,27
2021-06-23T16:44:00Z,46
2021-06-23T16:45:00Z,47
2021-06-23T16:46:00Z,31
2021-06-23T16:47:00Z,61
2021-06-23T16:48:00Z,66
2021-06-23T16:49:00Z,69
2021-06-23T16:50:00Z,55
2021-06-23T16:51:00Z,48
2021-06-23T16:52:00Z,29
2021-06-23T16:53:00Z,33
2021-06-23T16:54:00Z,33
2021-06-23T16:55:00Z,60
2021-06-23T16:56:00Z,50
2021-06-23T16:57:00Z,61
2021-06-23T16:58:00Z,46
2021-06-23T16:59:00Z,42
2021-06-23T17:00:00Z,33
2021-06-23T17:01:00Z,49
2021-06-23T17:02:00Z,49
2021-06-23T17:03:00Z,32
2021-06-23T17:04:00Z,37
2021-06-23T17:05:00Z,62
2021-06-23T17:06:00Z,34
2021-06-23T17:07:00Z,52
2021-06-23T17:08:00Z,30
2021-06-23T17:09:00Z,48
2021-06-23T17:10:00Z,25
2021-06-23T17:11:00Z,37
2021-06-23T17:12:00Z,58
2021-06-23T17:13:00Z,25
2021-06-23T17:14:00Z,69
2021-06-23T17:15:00Z,57
2021-06-23T17:16:00Z,38
2021-06-23T17:17:00Z,35
2021-06-23T17:18:00Z,70
2021-06-23T17:19:00Z,25
2021-06-23T17:20:00Z,62
2021-06-23T17:21:00Z,66
2021-06-23T17:22:00Z,59
2021-06-23T17:23:00Z,64
2021-06-23T17:24:00Z,61
2021-06-23T17:25:00Z,46
2021-06-23T17:26:00Z,34
2021-06-23T17:27:00Z,31
2021-06-23T17:28:00Z,37
2021-06-23T17:29:00Z,45
2021-06-23T17:30:00Z,25
2021-06-23T17:31:00Z,54
2021-06-23T17:32:00Z,45
2021-06-23T17:33:00Z,28
2021-06-23T17:34:00Z,69
2021-06-23T17:35:00Z,40
2021-06-23T17:36:00Z,41
2021-06-23T17:37:00Z,63
2021-06-23T17:38:00Z,30
2021-06-23T17:39:00Z,69
2021-06-23T17:40:00Z,51
2021-06-23T17:41:00Z,37
2021-06-23T17:42:00Z,61
2021-06-23T17:43:00Z,25
2021-06-23T17:44:00Z,58
2021-06-23T17:45:00Z,48
2021-06-23T17:46:00Z,59
2021-06-23T17:47:00Z,64
2021-06-23T17:48:00Z,36
2021-06-23T17:49:00Z,28
2021-06-23T17:50:00Z,43
2021-06-23T17:51:00Z,47
2021-06-23T17:52:00Z,70
2021-06-23T17:53:00Z,28
2021-06-23T17:54:00Z,33
2021-06-23T17:55:00Z,59
2021-06-23T17:56:00Z,67
2021-06-23T17:57:00Z,66
2021-06-23T17:58:00Z,32
2021-06-23T17:59:00Z,66
2021-06-23T18:00:00Z,48
2021-06-23T18:01:00Z,42
2021-06-23T18:02:00Z,63
2021-06-23T18:03:00Z,32
2021-06-23T18:04:00Z,45
2021-06-23T18:05:00Z,32
2021-06-23T18:06:00Z,64
2021-06-23T18:07:00Z,40
2021-06-23T18:08:00Z,37
2021-06-23T18:09:00Z,66
2021-06-23T18:10:00Z,48
2021-06-23T18:11:00Z,37
2021-06-23T18:12:00Z,30
2021-06-23T18:13:00Z,38
2021-06-23T18:14:00Z,34
2021-06-23T18:15:00Z,35
2021-06-23T18:16:00Z,57
2021-06-23T18:17:00Z,55
2021-06-23T18:18:00Z,40
2021-06-23T18:19:00Z,44
2021-06-23T18:20:00Z,41
2021-06-23T18:21:00Z,55
2021-06-23T18:22:00Z,56
2021-06-23T18:23:00Z,45
2021-06-23T18:24:00Z,25
2021-06-23T18:25:00Z,39
2021-06-23T18:26:00Z,32
2021-06-23T18:27:00Z,36
2021-06-23T18:28:00Z,55
2021-06-23T18:29:00Z,39
2021-06-23T18:30:00Z,53
2021-06-23T18:31:00Z,58
2021-06-23T18:32:00Z,65
2021-06-23T18:33:00Z,55
2021-06-23T18:34:00Z,55
2021-06-23T18:35:00Z,60
2021-06-23T18:36:00Z,68
2021-06-23T18:37:00Z,62
2021-06-23T18:38:00Z,34
2021-06-23T18:39:00Z,56
2021-06-23T18:40:00Z,48
2021-06-23T18:41:00Z,44
2021-06-23T18:42:00Z,70
2021-06-23T18:43:00Z,42
2021-06-23T18:44:00Z,32
2021-06-23T18:45:00Z,50
2021-06-23T18:46:00Z,69
2021-06-23T18:47:00Z,44
2021-06-23T18:48:00Z,69
2021-06-23T18:49:00Z,29
2021-06-23T18:50:00Z,70
2021-06-23T18:51:00Z,40
2021-06-23T18:52:00Z,61
2021-06-23T18:53:00Z,50
2021-06-23T18:54:00Z,58
2021-06-23T18:55:00Z,43
2021-06-23T18:56:00Z,40
2021-06-23T18:57:00Z,43
2021-06-23T18:58:00Z,67
2021-06-23T18:59:00Z,57
2021-06-23T19:00:00Z,42
2021-06-23T19:01:00Z,48
2021-06-23T19:02:00Z,34
2021-06-23T19:03:00Z,49
2021-06-23T19:04:00Z,55
2021-06-23T19:05:00Z,33
2021-06-23T19:06:00Z,69
2021-06-23T19:07:00Z,65
2021-06-23T19:08:00Z,41
2021-06-23T19:09:00Z,64
2021-06-23T19:10:00Z,54
2021-06-23T19:11:00Z,59
2021-06-23T19:12:00Z,37
2021-06-23T19:13:00Z,40
2021-06-23T19:14:00Z,59
2021-06-23T19:15:00Z,37
2021-06-23T19:16:00Z,26
2021-06-23T19:17:00Z,33
2021-06-23T19:18:00Z,34
2021-06-23T19:19:00Z,44
2021-06-23T19:20:00Z,44
2021-06-23T19:21:00Z,41
2021-06-23T19:22:00Z,32
2021-06-23T19:23:00Z,59
2021-06-23T19:24:00Z,69
2021-06-23T19:25:00Z,37
2021-06-23T19:26:00Z,70
2021-06-23T19:27:00Z,35
2021-06-23T19:28:00Z,32
2021-06-23T19:29:00Z,55
2021-06-23T19:30:00Z,38
2021-06-23T19:31:00Z,31
2021-06-23T19:32:00Z,32
2021-06-23T19:33:00Z,56
2021-06-23T19:34:00Z,55
2021-06-23T19:35:00Z,33
2021-06-23T19:36:00Z,47
2021-06-23T19:37:00Z,57
2021-06-23T19:38:00Z,57
2021-06-23T19:39:00Z,31
2021-06-23T19:40:00Z,68
2021-06-23T19:41:00Z,69
2021-06-23T19:42:00Z,39
2021-06-23T19:43:00Z,41
2021-06-23T19:44:00Z,38
2021-06-23T19:45:00Z,52
2021-06-23T19:46:00Z,53
2021-06-23T19:47:00Z,49
2021-06-23T19:48:00Z,68
2021-06-23T19:49:00Z,34
2021-06-23T19:50:00Z,64
2021-06-23T19:51:00Z,42
2021-06-23T19:52:00Z,61
2021-06-23T19:53:00Z,25
2021-06-23T19:54:00Z,47
2021-06-23T19:55:00Z,42
2021-06-23T19:56:00Z,42
2021-06-23T19:57:00Z,29
2021-06-23T19:58:00Z,44
2021-06-23T19:59:00Z,63
2021-06-23T20:00:00Z,41
2021-06-23T20:01:00Z,47
2021-06-23T20:02:00Z,64
2021-06-23T20:03:00Z,32
2021-06-23T20:04:00Z,29
2021-06-23T20:05:00Z,55
2021-06-23T20:06:00Z,34
2021-06-23T20:07:00Z,60
2021-06-23T20:08:00Z,48
2021-06-23T20:09:00Z,39
2021-06-23T20:10:00Z,48
2021-06-23T20:11:00Z,35
2021-06-23T20:12:00Z,36
2021-06-23T20:13:00Z,44
2021-06-23T20:14:00Z,55
2021-06-23T20:15:00Z,70
2021-06-23T20:16:00Z,55
2021-06-23T20:17:00Z,54
2021-06-23T20:18:00Z,56
2021-06-23T20:19:00Z,30
2021-06-23T20:20:00Z,27
2021-06-23T20:21:00Z,69
2021-06-23T20:22:00Z,25
2021-06-23T20:23:00Z,43
2021-06-23T20:24:00Z,64
2021-06-23T20:25:00Z,69
2021-06-23T20:26:00Z,60
2021-06-23T20:27:00Z,62
2021-06-23T20:28:00Z,41
2021-06-23T20:29:00Z,58
2021-06-23T20:30:00Z,60
2021-06-23T20:31:00Z,47
2021-06-23T20:32:00Z,63
2021-06-23T20:33:00Z,49
2021-06-23T20:34:00Z,48
2021-06-23T20:35:00Z,58
2021-06-23T20:36:00Z,67
2021-06-23T20:37:00Z,51
2021-06-23T20:38:00Z,31
2021-06-23T20:39:00Z,70
2021-06-23T20:40:00Z,48
2021-06-23T20:41:00Z,42
2021-06-23T20:42:00Z,36
2021-06-23T20:43:00Z,51
2021-06-23T20:44:00Z,45
2021-06-23T20:45:00Z,62
2021-06-23T20:46:00Z,64
2021-06-23T20:47:00Z,67
2021-06-23T20:48:00Z,42
2021-06-23T20:49:00Z,47
2021-06-23T20:50:00Z,32
2021-06-23T20:51:00Z,37
2021-06-23T20:52:00Z,32
2021-06-23T20:53:00Z,49
2021-06-23T20:54:00Z,47
2021-06-23T20:55:00Z,48
2021-06-23T20:56:00Z,49
2021-06-23T20:57:00Z,25
2021-06-23T20:58:00Z,50
2021-06-23T20:59:00Z,67
2021-06-23T21:00:00Z,66
2021-06-23T21:01:00Z,54
2021-06-23T21:02:00Z,27
2021-06-23T21:03:00Z,66
2021-06-23T21:04:00Z,53
2021-06-23T21:05:00Z,30
2021-06-23T21:06:00Z,68
2021-06-23T21:07:00Z,45
2021-06-23T21:08:00Z,62
2021-06-23T21:09:00Z,30
2021-06-23T21:10:00Z,62
2021-06-23T21:11:00Z,46
2021-06-23T21:12:00Z,65
2021-06-23T21:13:00Z,65
2021-06-23T21:14:00Z,36
2021-06-23T21:15:00Z,61
2021-06-23T21:16:00Z,61
2021-06-23T21:17:00Z,43
2021-06-23T21:18:00Z,40
2021-06-23T21:19:00Z,32
2021-06-23T21:20:00Z,52
2021-06-23T21:21:00Z,67
2021-06-23T21:22:00Z,56
2021-06-23T21:23:00Z,36
2021-06-23T21:24:00Z,48
2021-06-23T21:25:00Z,37
2021-06-23T21:26:00Z,28
2021-06-23T21:27:00Z,37
2021-06-23T21:28:00Z,51
2021-06-23T21:29:00Z,64
2021-06-23T21:30:00Z,57
2021-06-23T21:31:00Z,54
2021-06-23T21:32:00Z,43
2021-06-23T21:33:00Z,64
2021-06-23T21:34:00Z,53
2021-06-23T21:35:00Z,38
2021-06-23T21:36:00Z,68
2021-06-23T21:37:00Z,54
2021-06-23T21:38:00Z,60
2021-06-23T21:39:00Z,36
2021-06-23T21:40:00Z,56
2021-06-23T21:41:00Z,48
2021-06-23T21:42:00Z,28
2021-06-23T21:43:00Z,47
2021-06-23T21:44:00Z,55
2021-06-23T21:45:00Z,45
2021-06-23T21:46:00Z,47
2021-06-23T21:47:00Z,68
2021-06-23T21:48:00Z,37
2021-06-23T21:49:00Z,68
2021-06-23T21:50:00Z,61
2021-06-23T21:51:00Z,36
2021-06-23T21:52:00Z,62
2021-06-23T21:53:00Z,25
2021-06-23T21:54:00Z,47
2021-06-23T21:55:00Z,30
2021-06-23T21:56:00Z,67
2021-06-23T21:57:00Z,31
2021-06-23T21:58:00Z,44
2021-06-23T21:59:00Z,39
2021-06-23T22:00:00Z,63
2021-06-23T22:01:00Z,34
2021-06-23T22:02:00Z,27
2021-06-23T22:03:00Z,32
2021-06-23T22:04:00Z,54
2021-06-23T22:05:00Z,69
2021-06-23T22:06:00Z,58
2021-06-23T22:07:00Z,70
2021-06-23T22:08:00Z,49
2021-06-23T22:09:00Z,31
2021-06-23T22:10:00Z,67
2021-06-23T22:11:00Z,46
2021-06-23T22:12:00Z,65
2021-06-23T22:13:00Z,61
2021-06-23T22:14:00Z,48
2021-06-23T22:15:00Z,39
2021-06-23T22:16:00Z,39
2021-06-23T22:17:00Z,64
2021-06-23T22:18:00Z,64
2021-06-23T22:19:00Z,63
2021-06-23T22:20:00Z,69
2021-06-23T22:21:00Z,53
2021-06-23T22:22:00Z,68
2021-06-23T22:23:00Z,42
2021-06-23T22:24:00Z,66
2021-06-23T22:25:00Z,44
2021-06-23T22:26:00Z,30
2021-06-23T22:27:00Z,26
2021-06-23T22:28:00Z,69
2021-06-23T22:29:00Z,51
2021-06-23T22:30:00Z,38
2021-06-23T22:31:00Z,66
2021-06-23T22:32:00Z,68
2021-06-23T22:33:00Z,61
2021-06-23T22:34:00Z,56
2021-06-23T22:35:00Z,70
2021-06-23T22:36:00Z,25
2021-06-23T22:37:00Z,42
2021-06-23T22:38:00Z,33
2021-06-23T22:39:00Z,32
2021-06-23T22:40:00Z,38
2021-06-23T22:41:00Z,57
2021-06-23T22:42:00Z,45
2021-06-23T22:43:00Z,30
2021-06-23T22:44:00Z,36
2021-06-23T22:45:00Z,31
2021-06-23T22:46:00Z,52
2021-06-23T22:47:00Z,30
2021-06-23T22:48:00Z,56
2021-06-23T22:49:00Z,35
2021-06-23T22:50:00Z,41
2021-06-23T22:51:00Z,65
2021-06-23T22:52:00Z,62
2021-06-23T22:53:00Z,58
2021-06-23T22:54:00Z,69
2021-06-23T22:55:00Z,56
2021-06-23T22:56:00Z,54
2021-06-23T22:57:00Z,49
2021-06-23T22:58:00Z,31
2021-06-23T22:59:00Z,45
2021-06-23T23:00:00Z,42
2021-06-23T23:01:00Z,64
2021-06-23T23:02:00Z,29
2021-06-23T23:03:00Z,66
2021-06-23T23:04:00Z,59
2021-06-23T23:05:00Z,37
2021-06-23T23:06:00Z,51
2021-06-23T23:07:00Z,27
2021-06-23T23:08:00Z,48
2021-06-23T23:09:00Z,47
2021-06-23T23:10:00Z,40
2021-06-23T23:11:00Z,45
2021-06-23T23:12:00Z,29
2021-06-23T23:13:00Z,47
2021-06-23T23:14:00Z,58
2021-06-23T23:15:00Z,67
2021-06-23T23:16:00Z,61
2021-06-23T23:17:00Z,26
2021-06-23T23:18:00Z,69
2021-06-23T23:19:00Z,38
2021-06-23T23:20:00Z,61
2021-06-23T23:21:00Z,54
2021-06-23T23:22:00Z,70
2021-06-23T23:23:00Z,70
2021-06-23T23:24:00Z,62
2021-06-23T23:25:00Z,52
2021-06-23T23:26:00Z,69
2021-06-23T23:27:00Z,25
2021-06-23T23:28:00Z,29
2021-06-23T23:29:00Z,25
2021-06-23T23:30:00Z,55
2021-06-23T23:31:00Z,36
2021-06-23T23:32:00Z,45
2021-06-23T23:33:00Z,69
2021-06-23T23:34:00Z,59
2021-06-23T23:35:00Z,50
2021-06-23T23:36:00Z,53
2021-06-23T23:37:00Z,55
2021-06-23T23:38:00Z,65
2021-06-23T23:39:00Z,33
2021-06-23T23:40:00Z,32
2021-06-23T23:41:00Z,65
2021-06-23T23:42:00Z,69
2021-06-23T23:43:00Z,31
2021-06-23T23:44:00Z,28
2021-06-23T23:45:00Z,59
2021-06-23T23:46:00Z,49
2021-06-23T23:47:00Z,30
2021-06-23T23:48:00Z,51
2021-06-23T23:49:00Z,43
2021-06-23T23:50:00Z,39
2021-06-23T23:51:00Z,69
2021-06-23T23:52:00Z,48
2021-06-23T23:53:00Z,64
2021-06-23T23:54:00Z,30
2021-06-23T23:55:00Z,30
2021-06-23T23:56:00Z,66
2021-06-23T23:57:00Z,66
2021-06-23T23:58:00Z,65
2021-06-23T23:59:00Z,47
2021-06-24T00:00:00Z,55
2021-06-24T00:01:00Z,47
2021-06-24T00:02:00Z,42
2021-06-24T00:03:00Z,33
2021-06-24T00:04:00Z,33
2021-06-24T00:05:00Z,60
2021-06-24T00:06:00Z,70
2021-06-24T00:07:00Z,36
2021-06-24T00:08:00Z,63
2021-06-24T00:09:00Z,51
2021-06-24T00:10:00Z,36
2021-06-24T00:11:00Z,49
2021-06-24T00:12:00Z,54
2021-06-24T00:13:00Z,48
2021-06-24T00:14:00Z,54
2021-06-24T00:15:00Z,47
2021-06-24T00:16:00Z,30
2021-06-24T00:17:00Z,28
2021-06-24T00:18:00Z,37
2021-06-24T00:19:00Z,59
2021-06-24T00:20:00Z,54
2021-06-24T00:21:00Z,40
2021-06-24T00:22:00Z,29
2021-06-24T00:23:00Z,62
2021-06-24T00:24:00Z,29
2021-06-24T00:25:00Z,29
2021-06-24T00:26:00Z,25
2021-06-24T00:27:00Z,37
2021-06-24T00:28:00Z,49
2021-06-24T00:29:00Z,53
2021-06-24T00:30:00Z,60
2021-06-24T00:31:00Z,35
2021-06-24T00:32:00Z,47
2021-06-24T00:33:00Z,36
2021-06-24T00:34:00Z,69
2021-06-24T00:35:00Z,28
2021-06-24T00:36:00Z,51
2021-06-24T00:37:00Z,43
2021-06-24T00:38:00Z,53
2021-06-24T00:39:00Z,50
2021-06-24T00:40:00Z,60
2021-06-24T00:41:00Z,66
2021-06-24T00:42:00Z,41
2021-06-24T00:43:00Z,50
2021-06-24T00:44:00Z,62
2021-06-24T00:45:00Z,40
2021-06-24T00:46:00Z,43
2021-06-24T00:47:00Z,54
2021-06-24T00:48:00Z,41
2021-06-24T00:49:00Z,63
2021-06-24T00:50:00Z,69
2021-06-24T00:51:00Z,36
2021-06-24T00:52:00Z,30
2021-06-24T00:53:00Z,49
2021-06-24T00:54:00Z,39
2021-06-24T00:55:00Z,30
2021-06-24T00:56:00Z,36
2021-06-24T00:57:00Z,29
2021-06-24T00:58:00Z,52
2021-06-24T00:59:00Z,27
2021-06-24T01:00:00Z,34
2021-06-24T01:01:00Z,33
2021-06-24T01:02:00Z,45
2021-06-24T01:03:00Z,28
2021-06-24T01:04:00Z,51
2021-06-24T01:05:00Z,57
2021-06-24T01:06:00Z,63
2021-06-24T01:07:00Z,40
2021-06-24T01:08:00Z,35
2021-06-24T01:09:00Z,59
2021-06-24T01:10:00Z,25
2021-06-24T01:11:00Z,43
2021-06-24T01:12:00Z,36
2021-06-24T01:13:00Z,36
2021-06-24T01:14:00Z,57
2021-06-24T01:15:00Z,34
2021-06-24T01:16:00Z,59
2021-06-24T01:17:00Z,41
2021-06-24T01:18:00Z,30
2021-06-24T01:19:00Z,54
2021-06-24T01:20:00Z,27
2021-06-24T01:21:00Z,45
2021-06-24T01:22:00Z,55
2021-06-24T01:23:00Z,67
2021-06-24T01:24:00Z,40
2021-06-24T01:25:00Z,28
2021-06-24T01:26:00Z,33
2021-06-24T01:27:00Z,28
2021-06-24T01:28:00Z,61
2021-06-24T01:29:00Z,41
2021-06-24T01:30:00Z,62
2021-06-24T01:31:00Z,56
2021-06-24T01:32:00Z,29
2021-06-24T01:33:00Z,56
2021-06-24T01:34:00Z,29
2021-06-24T01:35:00Z,69
2021-06-24T01:36:00Z,59
2021-06-24T01:37:00Z,54
2021-06-24T01:38:00Z,36
2021-06-24T01:39:00Z,56
2021-06-24T01:40:00Z,55
2021-06-24T01:41:00Z,33
2021-06-24T01:42:00Z,31
2021-06-24T01:43:00Z,32
2021-06-24T01:44:00Z,27
2021-06-24T01:45:00Z,42
2021-06-24T01:46:00Z,28
2021-06-24T01:47:00Z,56
2021-06-24T01:48:00Z,42
2021-06-24T01:49:00Z,31
2021-06-24T01:50:00Z,53
2021-06-24T01:51:00Z,53
2021-06-24T01:52:00Z,53
2021-06-24T01:53:00Z,50
2021-06-24T01:54:00Z,60
2021-06-24T01:55:00Z,61
2021-06-24T01:56:00Z,61
2021-06-24T01:57:00Z,30
2021-06-24T01:58:00Z,28
2021-06-24T01:59:00Z,69
2021-06-24T02:00:00Z,53
2021-06-24T02:01:00Z,54
2021-06-24T02:02:00Z,38
2021-06-24T02:03:00Z,49
2021-06-24T02:04:00Z,41
2021-06-24T02:05:00Z,52
2021-06-24T02:06:00Z,51
2021-06-24T02:07:00Z,61
2021-06-24T02:08:00Z,53
2021-06-24T02:09:00Z,39
2021-06-24T02:10:00Z,36
2021-06-24T02:11:00Z,26
2021-06-24T02:12:00Z,68
2021-06-24T02:13:00Z,64
2021-06-24T02:14:00Z,45
2021-06-24T02:15:00Z,65
2021-06-24T02:16:00Z,31
2021-06-24T02:17:00Z,70
2021-06-24T02:18:00Z,41
2021-06-24T02:19:00Z,54
2021-06-24T02:20:00Z,50
2021-06-24T02:21:00Z,34
2021-06-24T02:22:00Z,57
2021-06-24T02:23:00Z,63
2021-06-24T02:24:00Z,63
2021-06-24T02:25:00Z,33
2021-06-24T02:26:00Z,62
2021-06-24T02:27:00Z,27
2021-06-24T02:28:00Z,26
2021-06-24T02:29:00Z,68
2021-06-24T02:30:00Z,60
2021-06-24T02:31:00Z,31
2021-06-24T02:32:00Z,69
2021-06-24T02:33:00Z,35
2021-06-24T02:34:00Z,31
2021-06-24T02:35:00Z,46
2021-06-24T02:36:00Z,65
2021-06-24T02:37:00Z,62
2021-06-24T02:38:00Z,47
2021-06-24T02:39:00Z,47
2021-06-24T02:40:00Z,28
2021-06-24T02:41:00Z,25
2021-06-24T02:42:00Z,55
2021-06-24T02:43:00Z,27
2021-06-24T02:44:00Z,57
2021-06-24T02:45:00Z,68
2021-06-24T02:46:00Z,45
2021-06-24T02:47:00Z,25
2021-06-24T02:48:00Z,53
2021-06-24T02:49:00Z,50
2021-06-24T02:50:00Z,60
2021-06-24T02:51:00Z,34
2021-06-24T02:52:00Z,67
2021-06-24T02:53:00Z,30
2021-06-24T02:54:00Z,28
2021-06-24T02:55:00Z,68
2021-06-24T02:56:00Z,40
2021-06-24T02:57:00Z,56
2021-06-24T02:58:00Z,28
2021-06-24T02:59:00Z,39
2021-06-24T03:00:00Z,27
2021-06-24T03:01:00Z,31
2021-06-24T03:02:00Z,62
2021-06-24T03:03:00Z,60
2021-06-24T03:04:00Z,57
2021-06-24T03:05:00Z,36
2021-06-24T03:06:00Z,45
2021-06-24T03:07:00Z,34
2021-06-24T03:08:00Z,50
2021-06-24T03:09:00Z,44
2021-06-24T03:10:00Z,34
2021-06-24T03:11:00Z,40
2021-06-24T03:12:00Z,58
2021-06-24T03:13:00Z,48
2021-06-24T03:14:00Z,58
2021-06-24T03:15:00Z,37
2021-06-24T03:16:00Z,60
2021-06-24T03:17:00Z,59
2021-06-24T03:18:00Z,36
2021-06-24T03:19:00Z,47
2021-06-24T03:20:00Z,34
2021-06-24T03:21:00Z,26
2021-06-24T03:22:00Z,69
2021-06-24T03:23:00Z,43
2021-06-24T03:24:00Z,66
2021-06-24T03:25:00Z,32
2021-06-24T03:26:00Z,69
2021-06-24T03:27:00Z,56
2021-06-24T03:28:00Z,30
2021-06-24T03:29:00Z,59
2021-06-24T03:30:00Z,56
2021-06-24T03:31:00Z,49
2021-06-24T03:32:00Z,57
2021-06-24T03:33:00Z,47
2021-06-24T03:34:00Z,61
2021-06-24T03:35:00Z,50
2021-06-24T03:36:00Z,42
2021-06-24T03:37:00Z,31
2021-06-24T03:38:00Z,63
2021-06-24T03:39:00Z,30
2021-06-24T03:40:00Z,57
2021-06-24T03:41:00Z,68
2021-06-24T03:42:00Z,27
2021-06-24T03:43:00Z,50
2021-06-24T03:44:00Z,35
2021-06-24T03:45:00Z,60
2021-06-24T03:46:00Z,36
2021-06-24T03:47:00Z,40
2021-06-24T03:48:00Z,70
2021-06-24T03:49:00Z,68
2021-06-24T03:50:00Z,62
2021-06-24T03:51:00Z,30
2021-06-24T03:52:00Z,49
2021-06-24T03:53:00Z,48
2021-06-24T03:54:00Z,35
2021-06-24T03:55:00Z,26
2021-06-24T03:56:00Z,46
2021-06-24T03:57:00Z,37
2021-06-24T03:58:00Z,57
2021-06-24T03:59:00Z,38
2021-06-24T04:00:00Z,50
2021-06-24T04:01:00Z,51
2021-06-24T04:02:00Z,33
2021-06-24T04:03:00Z,68
2021-06-24T04:04:00Z,65
2021-06-24T04:05:00Z,32
2021-06-24T04:06:00Z,65
2021-06-24T04:07:00Z,46
2021-06-24T04:08:00Z,47
2021-06-24T04:09:00Z,36
2021-06-24T04:10:00Z,42
2021-06-24T04:11:00Z,56
2021-06-24T04:12:00Z,46
2021-06-24T04:13:00Z,56
2021-06-24T04:14:00Z,31
2021-06-24T04:15:00Z,39
2021-06-24T04:16:00Z,49
2021-06-24T04:17:00Z,30
2021-06-24T04:18:00Z,29
2021-06-24T04:19:00Z,58
2021-06-24T04:20:00Z,51
2021-06-24T04:21:00Z,39
2021-06-24T04:22:00Z,67
2021-06-24T04:23:00Z,59
2021-06-24T04:24:00Z,53
2021-06-24T04:25:00Z,49
2021-06-24T04:26:00Z,41
2021-06-24T04:27:00Z,30
2021-06-24T04:28:00Z,32
2021-06-24T04:29:00Z,41
2021-06-24T04:30:00Z,58
2021-06-24T04:31:00Z,29
2021-06-24T04:32:00Z,40
2021-06-24T04:33:00Z,44
2021-06-24T04:34:00Z,27
2021-06-24T04:35:00Z,25
2021-06-24T04:36:00Z,32
2021-06-24T04:37:00Z,30
2021-06-24T04:38:00Z,35
2021-06-24T04:39:00Z,65
2021-06-24T04:40:00Z,25
2021-06-24T04:41:00Z,42
2021-06-24T04:42:00Z,66
2021-06-24T04:43:00Z,58
2021-06-24T04:44:00Z,61
2021-06-24T04:45:00Z,61
2021-06-24T04:46:00Z,42
2021-06-24T04:47:00Z,54
2021-06-24T04:48:00Z,36
2021-06-24T04:49:00Z,34
2021-06-24T04:50:00Z,52
2021-06-24T04:51:00Z,37
2021-06-24T04:52:00Z,63
2021-06-24T04:53:00Z,55
2021-06-24T04:54:00Z,30
2021-06-24T04:55:00Z,43
2021-06-24T04:56:00Z,65
2021-06-24T04:57:00Z,53
2021-06-24T04:58:00Z,69
2021-06-24T04:59:00Z,66
2021-06-24T05:00:00Z,67
2021-06-24T05:01:00Z,64
2021-06-24T05:02:00Z,57
2021-06-24T05:03:00Z,60
2021-06-24T05:04:00Z,26
2021-06-24T05:05:00Z,30
2021-06-24T05:06:00Z,69
2021-06-24T05:07:00Z,32
2021-06-24T05:08:00Z,66
2021-06-24T05:09:00Z,62
2021-06-24T05:10:00Z,37
2021-06-24T05:11:00Z,42
2021-06-24T05:12:00Z,52
2021-06-24T05:13:00Z,55
2021-06-24T05:14:00Z,43
2021-06-24T05:15:00Z,36
2021-06-24T05:16:00Z,67
2021-06-24T05:17:00Z,49
2021-06-24T05:18:00Z,34
2021-06-24T05:19:00Z,63
2021-06-24T05:20:00Z,70
2021-06-24T05:21:00Z,35
2021-06-24T05:22:00Z,65
2021-06-24T05:23:00Z,67
2021-06-24T05:24:00Z,60
2021-06-24T05:25:00Z,58
2021-06-24T05:26:00Z,40
2021-06-24T05:27:00Z,51
2021-06-24T05:28:00Z,68
2021-06-24T05:29:00Z,41
2021-06-24T05:30:00Z,54
2021-06-24T05:31:00Z,28
2021-06-24T05:32:00Z,56
2021-06-24T05:33:00Z,45
2021-06-24T05:34:00Z,42
2021-06-24T05:35:00Z,50
2021-06-24T05:36:00Z,54
2021-06-24T05:37:00Z,69
2021-06-24T05:38:00Z,70
2021-06-24T05:39:00Z,55
2021-06-24T05:40:00Z,35
2021-06-24T05:41:00Z,31
2021-06-24T05:42:00Z,52
2021-06-24T05:43:00Z,59
2021-06-24T05:44:00Z,41
2021-06-24T05:45:00Z,40
2021-06-24T05:46:00Z,40
2021-06-24T05:47:00Z,58
2021-06-24T05:48:00Z,39
2021-06-24T05:49:00Z,63
2021-06-24T05:50:00Z,31
2021-06-24T05:51:00Z,33
2021-06-24T05:52:00Z,41
2021-06-24T05:53:00Z,53
2021-06-24T05:54:00Z,33
2021-06-24T05:55:00Z,32
2021-06-24T05:56:00Z,44
2021-06-24T05:57:00Z,38
2021-06-24T05:58:00Z,28
2021-06-24T05:59:00Z,66
2021-06-24T06:00:00Z,53
2021-06-24T06:01:00Z,56
2021-06-24T06:02:00Z,34
2021-06-24T06:03:00Z,47
2021-06-24T06:04:00Z,55
2021-06-24T06:05:00Z,32
2021-06-24T06:06:00Z,58
2021-06-24T06:07:00Z,53
2021-06-24T06:08:00Z,41
2021-06-24T06:09:00Z,62
2021-06-24T06:10:00Z,58
2021-06-24T06:11:00Z,35
2021-06-24T06:12:00Z,25
2021-06-24T06:13:00Z,38
2021-06-24T06:14:00Z,54
2021-06-24T06:15:00Z,41
2021-06-24T06:16:00Z,36
2021-06-24T06:17:00Z,25
2021-06-24T06:18:00Z,66
2021-06-24T06:19:00Z,45
2021-06-24T06:20:00Z,55
2021-06-24T06:21:00Z,48
2021-06-24T06:22:00Z,54
2021-06-24T06:23:00Z,42
2021-06-24T06:24:00Z,34
2021-06-24T06:25:00Z,68
2021-06-24T06:26:00Z,41
2021-06-24T06:27:00Z,38
2021-06-24T06:28:00Z,50
2021-06-24T06:29:00Z,31
2021-06-24T06:30:00Z,67
2021-06-24T06:31:00Z,43
2021-06-24T06:32:00Z,34
2021-06-24T06:33:00Z,32
2021-06-24T06:34:00Z,66
2021-06-24T06:35:00Z,38
2021-06-24T06:36:00Z,27
2021-06-24T06:37:00Z,45
2021-06-24T06:38:00Z,66
2021-06-24T06:39:00Z,59
2021-06-24T06:40:00Z,43
2021-06-24T06:41:00Z,50
2021-06-24T06:42:00Z,70
2021-06-24T06:43:00Z,26
2021-06-24T06:44:00Z,54
2021-06-24T06:45:00Z,34
2021-06-24T06:46:00Z,65
2021-06-24T06:47:00Z,49
2021-06-24T06:48:00Z,25
2021-06-24T06:49:00Z,57
2021-06-24T06:50:00Z,43
2021-06-24T06:51:00Z,46
2021-06-24T06:52:00Z,66
2021-06-24T06:53:00Z,52
2021-06-24T06:54:00Z,39
2021-06-24T06:55:00Z,49
2021-06-24T06:56:00Z,66
2021-06-24T06:57:00Z,47
2021-06-24T06:58:00Z,66
2021-06-24T06:59:00Z,61
2021-06-24T07:00:00Z,52
2021-06-24T07:01:00Z,61
2021-06-24T07:02:00Z,47
2021-06-24T07:03:00Z,35
2021-06-24T07:04:00Z,48
2021-06-24T07:05:00Z,35
2021-06-24T07:06:00Z,56
2021-06-24T07:07:00Z,56
2021-06-24T07:08:00Z,55
2021-06-24T07:09:00Z,37
2021-06-24T07:10:00Z,53
2021-06-24T07:11:00Z,37
2021-06-24T07:12:00Z,69
2021-06-24T07:13:00Z,27
2021-06-24T07:14:00Z,34
2021-06-24T07:15:00Z,55
2021-06-24T07:16:00Z,43
2021-06-24T07:17:00Z,70
2021-06-24T07:18:00Z,52
2021-06-24T07:19:00Z,35
2021-06-24T07:20:00Z,53
2021-06-24T07:21:00Z,32
2021-06-24T07:22:00Z,26
2021-06-24T07:23:00Z,27
2021-06-24T07:24:00Z,65
2021-06-24T07:25:00Z,57
2021-06-24T07:26:00Z,47
2021-06-24T07:27:00Z,45
2021-06-24T07:28:00Z,26
2021-06-24T07:29:00Z,55
2021-06-24T07:30:00Z,40
2021-06-24T07:31:00Z,36
2021-06-24T07:32:00Z,39
2021-06-24T07:33:00Z,68
2021-06-24T07:34:00Z,56
2021-06-24T07:35:00Z,68
2021-06-24T07:36:00Z,36
2021-06-24T07:37:00Z,29
2021-06-24T07:38:00Z,33
2021-06-24T07:39:00Z,38
2021-06-24T07:40:00Z,38
2021-06-24T07:41:00Z,66
2021-06-24T07:42:00Z,45
2021-06-24T07:43:00Z,32
2021-06-24T07:44:00Z,66
2021-06-24T07:45:00Z,57
2021-06-24T07:46:00Z,67
2021-06-24T07:47:00Z,32
2021-06-24T07:48:00Z,38
2021-06-24T07:49:00Z,52
2021-06-24T07:50:00Z,57
2021-06-24T07:51:00Z,34
2021-06-24T07:52:00Z,69
2021-06-24T07:53:00Z,39
2021-06-24T07:54:00Z,33
2021-06-24T07:55:00Z,53
2021-06-24T07:56:00Z,59
2021-06-24T07:57:00Z,64
2021-06-24T07:58:00Z,59
2021-06-24T07:59:00Z,58
2021-06-24T08:00:00Z,51
2021-06-24T08:01:00Z,59
2021-06-24T08:02:00Z,44
2021-06-24T08:03:00Z,59
2021-06-24T08:04:00Z,51
2021-06-24T08:05:00Z,42
2021-06-24T08:06:00Z,32
2021-06-24T08:07:00Z,42
2021-06-24T08:08:00Z,66
2021-06-24T08:09:00Z,56
2021-06-24T08:10:00Z,66
2021-06-24T08:11:00Z,46
2021-06-24T08:12:00Z,32
2021-06-24T08:13:00Z,63
2021-06-24T08:14:00Z,66
2021-06-24T08:15:00Z,63
2021-06-24T08:16:00Z,33
2021-06-24T08:17:00Z,65
2021-06-24T08:18:00Z,70
2021-06-24T08:19:00Z,40
2021-06-24T08:20:00Z,38
2021-06-24T08:21:00Z,63
2021-06-24T08:22:00Z,27
2021-06-24T08:23:00Z,48
2021-06-24T08:24:00Z,30
2021-06-24T08:25:00Z,50
2021-06-24T08:26:00Z,30
2021-06-24T08:27:00Z,29
2021-06-24T08:28:00Z,52
2021-06-24T08:29:00Z,29
2021-06-24T08:30:00Z,41
2021-06-24T08:31:00Z,34
2021-06-24T08:32:00Z,39
2021-06-24T08:33:00Z,60
2021-06-24T08:34:00Z,29
2021-06-24T08:35:00Z,52
2021-06-24T08:36:00Z,60
2021-06-24T08:37:00Z,32
2021-06-24T08:38:00Z,34
2021-06-24T08:39:00Z,33
2021-06-24T08:40:00Z,59
2021-06-24T08:41:00Z,60
2021-06-24T08:42:00Z,43
2021-06-24T08:43:00Z,47
2021-06-24T08:44:00Z,39
2021-06-24T08:45:00Z,63
2021-06-24T08:46:00Z,35
2021-06-24T08:47:00Z,70
2021-06-24T08:48:00Z,35
2021-06-24T08:49:00Z,61
2021-06-24T08:50:00Z,41
2021-06-24T08:51:00Z,64
2021-06-24T08:52:00Z,40
2021-06-24T08:53:00Z,68
2021-06-24T08:54:00Z,33
2021-06-24T08:55:00Z,40
2021-06-24T08:56:00Z,39
2021-06-24T08:57:00Z,54
2021-06-24T08:58:00Z,41
2021-06-24T08:59:00Z,29
2021-06-24T09:00:00Z,55
2021-06-24T09:01:00Z,47
2021-06-24T09:02:00Z,44
2021-06-24T09:03:00Z,49
2021-06-24T09:04:00Z,34
2021-06-24T09:05:00Z,61
2021-06-24T09:06:00Z,61
2021-06-24T09:07:00Z,64
2021-06-24T09:08:00Z,30
2021-06-24T09:09:00Z,67
2021-06-24T09:10:00Z,50
2021-06-24T09:11:00Z,28
2021-06-24T09:12:00Z,60
2021-06-24T09:13:00Z,61
2021-06-24T09:14:00Z,55
2021-06-24T09:15:00Z,70
2021-06-24T09:16:00Z,54
2021-06-24T09:17:00Z,56
2021-06-24T09:18:00Z,49
2021-06-24T09:19:00Z,38
2021-06-24T09:20:00Z,70
2021-06-24T09:21:00Z,49
2021-06-24T09:22:00Z,62
2021-06-24T09:23:00Z,53
2021-06-24T09:24:00Z,45
2021-06-24T09:25:00Z,42
2021-06-24T09:26:00Z,55
2021-06-24T09:27:00Z,29
2021-06-24T09:28:00Z,41
2021-06-24T09:29:00Z,32
2021-06-24T09:30:00Z,65
2021-06-24T09:31:00Z,65
2021-06-24T09:32:00Z,59
2021-06-24T09:33:00Z,68
2021-06-24T09:34:00Z,57
2021-06-24T09:35:00Z,25
2021-06-24T09:36:00Z,44
2021-06-24T09:37:00Z,31
2021-06-24T09:38:00Z,38
2021-06-24T09:39:00Z,41
2021-06-24T09:40:00Z,47
2021-06-24T09:41:00Z,56
2021-06-24T09:42:00Z,26
2021-06-24T09:43:00Z,45
2021-06-24T09:44:00Z,32
2021-06-24T09:45:00Z,45
2021-06-24T09:46:00Z,39
2021-06-24T09:47:00Z,48
2021-06-24T09:48:00Z,58
2021-06-24T09:49:00Z,64
2021-06-24T09:50:00Z,54
2021-06-24T09:51:00Z,40
2021-06-24T09:52:00Z,64
2021-06-24T09:53:00Z,49
2021-06-24T09:54:00Z,37
2021-06-24T09:55:00Z,28
2021-06-24T09:56:00Z,33
2021-06-24T09:57:00Z,61
2021-06-24T09:58:00Z,37
2021-06-24T09:59:00Z,49
2021-06-24T10:00:00Z,59
2021-06-24T10:01:00Z,55
2021-06-24T10:02:00Z,58
2021-06-24T10:03:00Z,46
2021-06-24T10:04:00Z,31
2021-06-24T10:05:00Z,33
2021-06-24T10:06:00Z,44
2021-06-24T10:07:00Z,28
2021-06-24T10:08:00Z,32
2021-06-24T10:09:00Z,65
2021-06-24T10:10:00Z,33
2021-06-24T10:11:00Z,26
2021-06-24T10:12:00Z,38
2021-06-24T10:13:00Z,41
2021-06-24T10:14:00Z,55
2021-06-24T10:15:00Z,52
2021-06-24T10:16:00Z,25
2021-06-24T10:17:00Z,50
2021-06-24T10:18:00Z,28
2021-06-24T10:19:00Z,41
2021-06-24T10:20:00Z,53
2021-06-24T10:21:00Z,63
2021-06-24T10:22:00Z,45
2021-06-24T10:23:00Z,29
2021-06-24T10:24:00Z,33
2021-06-24T10:25:00Z,51
2021-06-24T10:26:00Z,55
2021-06-24T10:27:00Z,42
2021-06-24T10:28:00Z,63
2021-06-24T10:29:00Z,67
2021-06-24T10:30:00Z,54
2021-06-24T10:31:00Z,51
2021-06-24T10:32:00Z,38
2021-06-24T10:33:00Z,28
2021-06-24T10:34:00Z,43
2021-06-24T10:35:00Z,38
2021-06-24T10:36:00Z,40
2021-06-24T10:37:00Z,28
2021-06-24T10:38:00Z,55
2021-06-24T10:39:00Z,41
2021-06-24T10:40:00Z,56
2021-06-24T10:41:00Z,69
2021-06-24T10:42:00Z,65
2021-06-24T10:43:00Z,56
2021-06-24T10:44:00Z,45
2021-06-24T10:45:00Z,26
2021-06-24T10:46:00Z,52
2021-06-24T10:47:00Z,30
2021-06-24T10:48:00Z,63
2021-06-24T10:49:00Z,48
2021-06-24T10:50:00Z,56
2021-06-24T10:51:00Z,49
2021-06-24T10:52:00Z,46
2021-06-24T10:53:00Z,40
2021-06-24T10:54:00Z,68
2021-06-24T10:55:00Z,58
2021-06-24T10:56:00Z,33
2021-06-24T10:57:00Z,53
2021-06-24T10:58:00Z,43
2021-06-24T10:59:00Z,64
2021-06-24T11:00:00Z,36
2021-06-24T11:01:00Z,61
2021-06-24T11:02:00Z,46
2021-06-24T11:03:00Z,58
2021-06-24T11:04:00Z,49
2021-06-24T11:05:00Z,40
2021-06-24T11:06:00Z,61
2021-06-24T11:07:00Z,51
2021-06-24T11:08:00Z,57
2021-06-24T11:09:00Z,28
2021-06-24T11:10:00Z,59
2021-06-24T11:11:00Z,49
2021-06-24T11:12:00Z,51
2021-06-24T11:13:00Z,70
2021-06-24T11:14:00Z,29
2021-06-24T11:15:00Z,39
2021-06-24T11:16:00Z,46
2021-06-24T11:17:00Z,48
2021-06-24T11:18:00Z,44
2021-06-24T11:19:00Z,27
2021-06-24T11:20:00Z,56
2021-06-24T11:21:00Z,36
2021-06-24T11:22:00Z,67
2021-06-24T11:23:00Z,62
2021-06-24T11:24:00Z,55
2021-06-24T11:25:00Z,50
2021-06-24T11:26:00Z,34
2021-06-24T11:27:00Z,64
2021-06-24T11:28:00Z,66
2021-06-24T11:29:00Z,61
2021-06-24T11:30:00Z,56
2021-06-24T11:31:00Z,67
2021-06-24T11:32:00Z,47
2021-06-24T11:33:00Z,57
2021-06-24T11:34:00Z,69
2021-06-24T11:35:00Z,43
2021-06-24T11:36:00Z,55
2021-06-24T11:37:00Z,38
2021-06-24T11:38:00Z,69
2021-06-24T11:39:00Z,69
2021-06-24T11:40:00Z,56
2021-06-24T11:41:00Z,45
2021-06-24T11:42:00Z,33
2021-06-24T11:43:00Z,50
2021-06-24T11:44:00Z,38
2021-06-24T11:45:00Z,27
2021-06-24T11:46:00Z,56
2021-06-24T11:47:00Z,30
2021-06-24T11:48:00Z,43
2021-06-24T11:49:00Z,58
2021-06-24T11:50:00Z,39
2021-06-24T11:51:00Z,45
2021-06-24T11:52:00Z,25
2021-06-24T11:53:00Z,68
2021-06-24T11:54:00Z,31
2021-06-24T11:55:00Z,45
2021-06-24T11:56:00Z,37
2021-06-24T11:57:00Z,65
2021-06-24T11:58:00Z,60
2021-06-24T11:59:00Z,33
2021-06-24T12:00:00Z,60
2021-06-24T12:01:00Z,70
2021-06-24T12:02:00Z,69
2021-06-24T12:03:00Z,38
2021-06-24T12:04:00Z,52
2021-06-24T12:05:00Z,43
2021-06-24T12:06:00Z,30
2021-06-24T12:07:00Z,43
2021-06-24T12:08:00Z,59
2021-06-24T12:09:00Z,39
2021-06-24T12:10:00Z,47
2021-06-24T12:11:00Z,28
2021-06-24T12:12:00Z,49
2021-06-24T12:13:00Z,69
2021-06-24T12:14:00Z,33
2021-06-24T12:15:00Z,41
2021-06-24T12:16:00Z,58
2021-06-24T12:17:00Z,68
2021-06-24T12:18:00Z,48
2021-06-24T12:19:00Z,35
2021-06-24T12:20:00Z,43
2021-06-24T12:21:00Z,38
2021-06-24T12:22:00Z,42
2021-06-24T12:23:00Z,52
2021-06-24T12:24:00Z,50
2021-06-24T12:25:00Z,41
2021-06-24T12:26:00Z,57
2021-06-24T12:27:00Z,46
2021-06-24T12:28:00Z,68
2021-06-24T12:29:00Z,48
2021-06-24T12:30:00Z,44
2021-06-24T12:31:00Z,42
2021-06-24T12:32:00Z,25
2021-06-24T12:33:00Z,63
2021-06-24T12:34:00Z,66
2021-06-24T12:35:00Z,38
2021-06-24T12:36:00Z,48
2021-06-24T12:37:00Z,47
2021-06-24T12:38:00Z,58
2021-06-24T12:39:00Z,66
2021-06-24T12:40:00Z,40
2021-06-24T12:41:00Z,55
2021-06-24T12:42:00Z,47
2021-06-24T12:43:00Z,27
2021-06-24T12:44:00Z,46
2021-06-24T12:45:00Z,67
2021-06-24T12:46:00Z,25
2021-06-24T12:47:00Z,62
2021-06-24T12:48:00Z,59
2021-06-24T12:49:00Z,37
2021-06-24T12:50:00Z,41
2021-06-24T12:51:00Z,58
2021-06-24T12:52:00Z,35
2021-06-24T12:53:00Z,33
2021-06-24T12:54:00Z,64
2021-06-24T12:55:00Z,53
2021-06-24T12:56:00Z,31
2021-06-24T12:57:00Z,44
2021-06-24T12:58:00Z,65
2021-06-24T12:59:00Z,49
2021-06-24T13:00:00Z,40
2021-06-24T13:01:00Z,66
2021-06-24T13:02:00Z,52
2021-06-24T13:03:00Z,56
2021-06-24T13:04:00Z,54
2021-06-24T13:05:00Z,69
2021-06-24T13:06:00Z,38
2021-06-24T13:07:00Z,65
2021-06-24T13:08:00Z,31
2021-06-24T13:09:00Z,55
2021-06-24T13:10:00Z,46
2021-06-24T13:11:00Z,70
2021-06-24T13:12:00Z,52
2021-06-24T13:13:00Z,46
2021-06-24T13:14:00Z,44
2021-06-24T13:15:00Z,49
2021-06-24T13:16:00Z,27
2021-06-24T13:17:00Z,64
2021-06-24T13:18:00Z,69
2021-06-24T13:19:00Z,65
2021-06-24T13:20:00Z,53
2021-06-24T13:21:00Z,27
2021-06-24T13:22:00Z,62
2021-06-24T13:23:00Z,28
2021-06-24T13:24:00Z,45
2021-06-24T13:25:00Z,56
2021-06-24T13:26:00Z,33
2021-06-24T13:27:00Z,45
2021-06-24T13:28:00Z,25
2021-06-24T13:29:00Z,70
2021-06-24T13:30:00Z,59
2021-06-24T13:31:00Z,67
2021-06-24T13:32:00Z,41
2021-06-24T13:33:00Z,46
2021-06-24T13:34:00Z,42
2021-06-24T13:35:00Z,44
2021-06-24T13:36:00Z,49
2021-06-24T13:37:00Z,59
2021-06-24T13:38:00Z,53
2021-06-24T13:39:00Z,44
2021-06-24T13:40:00Z,49
2021-06-24T13:41:00Z,65
2021-06-24T13:42:00Z,28
2021-06-24T13:43:00Z,66
2021-06-24T13:44:00Z,33
2021-06-24T13:45:00Z,43
2021-06-24T13:46:00Z,58
2021-06-24T13:47:00Z,41
2021-06-24T13:48:00Z,62
2021-06-24T13:49:00Z,55
2021-06-24T13:50:00Z,42
2021-06-24T13:51:00Z,26
2021-06-24T13:52:00Z,69
2021-06-24T13:53:00Z,43
2021-06-24T13:54:00Z,63
2021-06-24T13:55:00Z,50
2021-06-24T13:56:00Z,54
2021-06-24T13:57:00Z,52
2021-06-24T13:58:00Z,39
2021-06-24T13:59:00Z,41
2021-06-24T14:00:00Z,56
2021-06-24T14:01:00Z,51
2021-06-24T14:02:00Z,40
2021-06-24T14:03:00Z,46
2021-06-24T14:04:00Z,29
2021-06-24T14:05:00Z,43
2021-06-24T14:06:00Z,67
2021-06-24T14:07:00Z,67
2021-06-24T14:08:00Z,67
2021-06-24T14:09:00Z,47
2021-06-24T14:10:00Z,39
2021-06-24T14:11:00Z,46
2021-06-24T14:12:00Z,57
2021-06-24T14:13:00Z,61
2021-06-24T14:14:00Z,60
2021-06-24T14:15:00Z,27
2021-06-24T14:16:00Z,54
2021-06-24T14:17:00Z,36
2021-06-24T14:18:00Z,47
2021-06-24T14:19:00Z,41
2021-06-24T14:20:00Z,60
2021-06-24T14:21:00Z,48
2021-06-24T14:22:00Z,66
2021-06-24T14:23:00Z,61
2021-06-24T14:24:00Z,41
2021-06-24T14:25:00Z,56
2021-06-24T14:26:00Z,70
2021-06-24T14:27:00Z,53
2021-06-24T14:28:00Z,38
2021-06-24T14:29:00Z,41
2021-06-24T14:30:00Z,37
2021-06-24T14:31:00Z,42
2021-06-24T14:32:00Z,56
2021-06-24T14:33:00Z,42
2021-06-24T14:34:00Z,67
2021-06-24T14:35:00Z,47
2021-06-24T14:36:00Z,57
2021-06-24T14:37:00Z,64
2021-06-24T14:38:00Z,66
2021-06-24T14:39:00Z,33
2021-06-24T14:40:00Z,47
2021-06-24T14:41:00Z,50
2021-06-24T14:42:00Z,31
2021-06-24T14:43:00Z,58
2021-06-24T14:44:00Z,68
2021-06-24T14:45:00Z,67
2021-06-24T14:46:00Z,58
2021-06-24T14:47:00Z,33
2021-06-24T14:48:00Z,53
2021-06-24T14:49:00Z,47
2021-06-24T14:50:00Z,64
2021-06-24T14:51:00Z,47
2021-06-24T14:52:00Z,41
2021-06-24T14:53:00Z,30
2021-06-24T14:54:00Z,41
2021-06-24T14:55:00Z,64
2021-06-24T14:56:00Z,42
2021-06-24T14:57:00Z,57
2021-06-24T14:58:00Z,34
2021-06-24T14:59:00Z,40
2021-06-24T15:00:00Z,53
2021-06-24T15:01:00Z,28
2021-06-24T15:02:00Z,61
2021-06-24T15:03:00Z,67
2021-06-24T15:04:00Z,30
2021-06-24T15:05:00Z,64
2021-06-24T15:06:00Z,60
2021-06-24T15:07:00Z,60
2021-06-24T15:08:00Z,61
2021-06-24T15:09:00Z,46
2021-06-24T15:10:00Z,34
2021-06-24T15:11:00Z,66
2021-06-24T15:12:00Z,45
2021-06-24T15:13:00Z,30
2021-06-24T15:14:00Z,49
2021-06-24T15:15:00Z,28
2021-06-24T15:16:00Z,29
2021-06-24T15:17:00Z,29
2021-06-24T15:18:00Z,56
2021-06-24T15:19:00Z,30
2021-06-24T15:20:00Z,31
2021-06-24T15:21:00Z,70
2021-06-24T15:22:00Z,38
2021-06-24T15:23:00Z,65
2021-06-24T15:24:00Z,55
2021-06-24T15:25:00Z,65
2021-06-24T15:26:00Z,26
2021-06-24T15:27:00Z,35
2021-06-24T15:28:00Z,25
2021-06-24T15:29:00Z,39
2021-06-24T15:30:00Z,53
2021-06-24T15:31:00Z,42
2021-06-24T15:32:00Z,32
2021-06-24T15:33:00Z,64
2021-06-24T15:34:00Z,44
2021-06-24T15:35:00Z,52
2021-06-24T15:36:00Z,46
2021-06-24T15:37:00Z,27
2021-06-24T15:38:00Z,66
2021-06-24T15:39:00Z,70
2021-06-24T15:40:00Z,67
2021-06-24T15:41:00Z,31
2021-06-24T15:42:00Z,48
2021-06-24T15:43:00Z,59
2021-06-24T15:44:00Z,30
2021-06-24T15:45:00Z,59
2021-06-24T15:46:00Z,56
2021-06-24T15:47:00Z,26
2021-06-24T15:48:00Z,26
2021-06-24T15:49:00Z,46
2021-06-24T15:50:00Z,70
2021-06-24T15:51:00Z,31
2021-06-24T15:52:00Z,46
2021-06-24T15:53:00Z,67
2021-06-24T15:54:00Z,40
2021-06-24T15:55:00Z,45
2021-06-24T15:56:00Z,69
2021-06-24T15:57:00Z,37
2021-06-24T15:58:00Z,55
2021-06-24T15:59:00Z,49
2021-06-24T16:00:00Z,38
2021-06-24T16:01:00Z,25
2021-06-24T16:02:00Z,54
2021-06-24T16:03:00Z,66
2021-06-24T16:04:00Z,44
2021-06-24T16:05:00Z,56
2021-06-24T16:06:00Z,57
2021-06-24T16:07:00Z,26
2021-06-24T16:08:00Z,53
2021-06-24T16:09:00Z,25
2021-06-24T16:10:00Z,30
2021-06-24T16:11:00Z,56
2021-06-24T16:12:00Z,67
2021-06-24T16:13:00Z,27
2021-06-24T16:14:00Z,56
2021-06-24T16:15:00Z,51
2021-06-24T16:16:00Z,65
2021-06-24T16:17:00Z,27
2021-06-24T16:18:00Z,50
2021-06-24T16:19:00Z,33
2021-06-24T16:20:00Z,29
2021-06-24T16:21:00Z,52
2021-06-24T16:22:00Z,54
2021-06-24T16:23:00Z,65
2021-06-24T16:24:00Z,60
2021-06-24T16:25:00Z,70
2021-06-24T16:26:00Z,35
2021-06-24T16:27:00Z,37
2021-06-24T16:28:00Z,45
2021-06-24T16:29:00Z,61
2021-06-24T16:30:00Z,33
2021-06-24T16:31:00Z,38
2021-06-24T16:32:00Z,56
2021-06-24T16:33:00Z,57
2021-06-24T16:34:00Z,49
2021-06-24T16:35:00Z,34
2021-06-24T16:36:00Z,58
2021-06-24T16:37:00Z,67
2021-06-24T16:38:00Z,45
2021-06-24T16:39:00Z,44
2021-06-24T16:40:00Z,62
2021-06-24T16:41:00Z,39
2021-06-24T16:42:00Z,69
2021-06-24T16:43:00Z,51
2021-06-24T16:44:00Z,50
2021-06-24T16:45:00Z,28
2021-06-24T16:46:00Z,40
2021-06-24T16:47:00Z,50
2021-06-24T16:48:00Z,32
2021-06-24T16:49:00Z,48
2021-06-24T16:50:00Z,58
2021-06-24T16:51:00Z,67
2021-06-24T16:52:00Z,51
2021-06-24T16:53:00Z,51
2021-06-24T16:54:00Z,58
2021-06-24T16:55:00Z,38
2021-06-24T16:56:00Z,51
2021-06-24T16:57:00Z,70
2021-06-24T16:58:00Z,47
2021-06-24T16:59:00Z,27
2021-06-24T17:00:00Z,41
2021-06-24T17:01:00Z,51
2021-06-24T17:02:00Z,25
2021-06-24T17:03:00Z,59
2021-06-24T17:04:00Z,60
2021-06-24T17:05:00Z,55
2021-06-24T17:06:00Z,30
2021-06-24T17:07:00Z,61
2021-06-24T17:08:00Z,51
2021-06-24T17:09:00Z,32
2021-06-24T17:10:00Z,56
2021-06-24T17:11:00Z,52
2021-06-24T17:12:00Z,64
2021-06-24T17:13:00Z,48
2021-06-24T17:14:00Z,27
2021-06-24T17:15:00Z,39
2021-06-24T17:16:00Z,42
2021-06-24T17:17:00Z,33
2021-06-24T17:18:00Z,58
2021-06-24T17:19:00Z,38
2021-06-24T17:20:00Z,31
2021-06-24T17:21:00Z,50
2021-06-24T17:22:00Z,64
2021-06-24T17:23:00Z,67
2021-06-24T17:24:00Z,69
2021-06-24T17:25:00Z,44
2021-06-24T17:26:00Z,33
2021-06-24T17:27:00Z,65
2021-06-24T17:28:00Z,54
2021-06-24T17:29:00Z,61
2021-06-24T17:30:00Z,69
2021-06-24T17:31:00Z,55
2021-06-24T17:32:00Z,48
2021-06-24T17:33:00Z,48
2021-06-24T17:34:00Z,45
2021-06-24T17:35:00Z,70
2021-06-24T17:36:00Z,32
2021-06-24T17:37:00Z,59
2021-06-24T17:38:00Z,43
2021-06-24T17:39:00Z,27
2021-06-24T17:40:00Z,36
2021-06-24T17:41:00Z,36
2021-06-24T17:42:00Z,68
2021-06-24T17:43:00Z,56
2021-06-24T17:44:00Z,47
2021-06-24T17:45:00Z,35
2021-06-24T17:46:00Z,56
2021-06-24T17:47:00Z,46
2021-06-24T17:48:00Z,65
2021-06-24T17:49:00Z,38
2021-06-24T17:50:00Z,52
2021-06-24T17:51:00Z,29
2021-06-24T17:52:00Z,62
2021-06-24T17:53:00Z,64
2021-06-24T17:54:00Z,68
2021-06-24T17:55:00Z,29
2021-06-24T17:56:00Z,54
2021-06-24T17:57:00Z,51
2021-06-24T17:58:00Z,29
2021-06-24T17:59:00Z,69
2021-06-24T18:00:00Z,51
2021-06-24T18:01:00Z,48
2021-06-24T18:02:00Z,52
2021-06-24T18:03:00Z,56
2021-06-24T18:04:00Z,66
